Општина,Населено место,Градба/место
Берово,Берово,Куќа на ул. „Кочо Рацин“ бр. 9
Берово,Берово,Куќа на ул. „Кочо Рацин“ бр. 11
Берово,Берово,Манастир „Свети Архангел Михаил“
Берово,Берово,Куќа на ул. „Маршал Тито“ бр. 127
Битола,Битола,Стара битолска бања
Битола,Битола,Јени амам
Битола,Битола,Хераклеја Линкестис
Битола,Битола,Археолошко наоѓалиште „Хераклеја Линкестис“ – Вила Субурбана II – мозаик
Битола,Битола,Битолски безистен
Битола,Битола,Зандан куле
Битола,Битола,Библиотека „Климент Охридски“
Битола,Битола,СОУ „Јосип Броз-Тито“
Битола,Битола,Објект на Собранието на општина Битола на улица „Славко Лумбарко“ бр. 8
Битола,Битола,Објект на Собранието на општина Битола на улица „Кирил и Методиј“ бр. 6
Битола,Битола,Поранешен објект на Народниот музеј
Битола,Битола,Објект на Заводот за урбанизам
Битола,Битола,Куќа на бул. „Први мај“ бр. 21
Битола,Битола,Куќа на ул. „Христо Ботев“ бр. 7
Битола,Битола,Куќа на ул. „Климент Охридски“ бр. 37 и ул. „Пеце Матичевски“ бр. 31
Битола,Битола,Куќа на ул. „Пеце Матичевски“ бр. 32
Битола,Битола,Куќа на ул. „Пеце Матичевски“ бр. 38
Битола,Битола,Куќа на ул. „Климент Охридски“ бр. 108
Битола,Битола,Куќа на ул. „Стив Наумов“ бр. 80
Битола,Битола,Куќа на ул. „Томаки Димитровски“ бр. 24
Битола,Битола,Куќа на ул. „Широк сокак“ бр. 85
Битола,Битола,Куќа на ул. „Димитар Илиевски – Мурато“ бр. 1
Битола,Битола,Куќа на ул. „Пеце Матичевски“ бр. 57
Битола,Битола,Куќа на ул. „Пеце Матичевски“ бр. 53
Битола,Битола,Куќа на ул. „Пеце Матичевски“ бр. 22
Битола,Битола,Куќа на ул. „Пеце Матичевски“ бр. 19
Битола,Битола,Куќа на ул. „Пеце Матичевски“ бр. 17
Битола,Битола,Куќа на ул. „Пеце Матичевски“ бр. 44
Битола,Битола,Куќа на ул. „Пеце Матичевски“ бр. 42
Битола,Битола,Куќа на ул. „Кирил и Методиј“ бр. 22
Битола,Битола,Куќа на ул. „Кирил и Методиј“ бр. 33
Битола,Битола,Куќа на ул. „Климент Охридски“ бр. 22
Битола,Битола,Куќа на ул. „Климент Охридски“ бр. 35
Битола,Битола,Куќа на ул. „Климент Охридски“ бр. 102
Битола,Битола,Куќа на ул. „Христо Ботев“ бр. 30
Битола,Битола,Куќа на ул. „Стево Патако“ бр. 51
Битола,Битола,Куќа на ул. „Стево Патако“ бр. 35
Битола,Битола,Куќа на ул. „Климент Охридски“ бр. 94
Битола,Битола,Куќа на ул. „Климент Охридски“ бр. 96
Битола,Битола,Куќа на ул. „Климент Охридски“ бр. 98
Битола,Битола,Куќа на ул. „Климент Охридски“ бр. 100
Битола,Битола,Куќа на ул. „Рузвелт“ бр. 16
Битола,Битола,Куќа на ул. „Елпида Караманди“ бр. 4
Битола,Битола,Куќа на бул. „Први мај“ бр. 64
Битола,Битола,Куќа на ул. „Борка Левата“ бр. 6
Битола,Битола,Куќа на ул. „Широк сокак“ бр. 78
Битола,Битола,Куќа на ул. „11 октомври“ бр.
Битола,Битола,Куќа на ул. „Стево Патако“ бр. 8
Битола,Битола,Куќа на ул. „Караорман“ бр. 9
Битола,Битола,Куќа на ул. „Климент Охридски“ бр. 5
Битола,Битола,Куќа на ул. „Страшо Пинџур“ бр. 3
Битола,Битола,Куќа на ул. „Охридска“ бр. 100
Битола,Битола,Офицерски дом
Битола,Битола,Објект на Стопанска банка
Битола,Битола,Објект на ОК на СКМ
Битола,Битола,"Објект на поранешната касарна „Стив Наумов“, ул. „Партизанска“ и ул. „Климент Охридски“"
Битола,Битола,Објект на Митрополијата
Битола,Битола,Објект на старата Општина
Битола,Битола,Куќа на ул. Пецо Божиновски” бр. 11 – Меморијален музеј „Стив Наумов“
Битола,Битола,Спомен-музеј на Гоце Делче
Битола,Битола,Основно училиште „Кирил и Методиј“
Битола,Битола,Спомен-чешма во дворот на поранешната богословија
Битола,Битола,Саат-кула
Битола,Битола,Старо градско јадро
Битола,Битола,Адвентистичка црква
Битола,Битола,Црква „Св. Димитриј“
Битола,Битола,Црква „Св. Богородица“
Битола,Битола,Битолска чаршија
Битола,Битола,Коџа-кади џамија
Битола,Битола,Хамза-бегова џамија
Битола,Битола,Ајдар-кади џамија
Битола,Битола,Јени џамија
Битола,Битола,Исак џамија
Битола,Битола,Дебој амам
Битола,Битола,Куќа на ул. „Широк сокак“ бр. 102 со спомен плоча за Милтон Манаки
Битола,Битола,Куќа на ул. „Далматинска“ бр. 18
Битола,Битола,Куќа на ул. „Славко Лумбарко“ бр. 6
Битола,Битола,Куќа на ул. „Широк сокак“ бр. 26
Битола,Битола,Куќа на ул. „Браќа Мингови“ бр. 5
Битола,Битола,Куќа на ул. „Кирил и Методи“ бр. 14
Битола,Битола,Куќа на ул. „Титов Велес“ бр. 3 и 5
Битола,Битола,Куќа на бул. „Први Мај“ бр. 179 и ул. „Браќа Мингови“
Битола,Битола,Куќа на бул. „Први Мај“ бр. 110
Битола,Битола,Куќа на бул. „Први Мај“ бр. 112
Битола,Битола,Куќа на ул. „Београдска“ бр. 8
Битола,Битола,Куќа на ул. „Трст“ бр. 3
Битола,Битола,Куќа на ул. „Никола Тесла“ бр. 86
Битола,Битола,Куќа на ул. „Београдска“ бр.21
Битола,Битола,Археолошко наоѓалиште „Гургур Тумба“
Битола,Битола,Куќа на ул. „Добривое Радосављевиќ“ бр. 3
Битола,Битола,Куќа на ул. „Добривое Радосављевиќ“ бр. 2
Битола,Битола,Куќа на ул. „Никола Тесла“ бр. 103
Битола,Битола,Амбиентална улица „Широк сокак“
Битола,Битола,Куќа на ул. „Широк сокак“ бр. 58
Битола,Битола,Куќа на ул. „Широк сокак“ бр. 56
Битола,Битола,Куќа на ул. „Широк сокак“ бр. 54
Битола,Битола,Куќа на ул. „Широк сокак“ бр. 42
Битола,Битола,Куќа на ул. „Широк сокак“ бр. 42-а
Битола,Битола,Куќа на ул. „Широк сокак“ бр. 44-а
Битола,Битола,Куќа на ул. „Широк сокак“ бр. 52
Битола,Битола,Куќа на ул. „Широк сокак“ бр. 48
Битола,Битола,Куќа на ул. „Широк сокак“ бр. 32
Битола,Битола,Куќа на ул. „Широк сокак“ бр. 34
Битола,Битола,Куќа на ул. „Широк сокак“ бр. 37
Битола,Битола,Куќа на ул. „Широк сокак“ бр. 46
Битола,Битола,Куќа на ул. „Широк сокак“ бр. 65
Битола,Битола,Куќа на ул. „Широк сокак“ бр. 28
Битола,Битола,Куќа на ул. „Широк сокак“ бр. 30
Битола,Битола,Куќа на ул. „Широк сокак“ бр. 42-б
Битола,Битола,Куќа на ул. „Широк сокак“ бр. 41
Битола,Битола,Куќа на ул. „Широк сокак“ бр. 49
Битола,Битола,Куќа на ул. „Широк сокак“ бр. 77
Битола,Битола,Куќа на ул. „Стерјо Георгиев“ бр. 40
Битола,Битола,Куќа на ул. „Широк сокак“ бр. 43
Битола,Битола,Куќа на бул. „Први Мај“ бр. 126 и 126-а
Битола,Битола,Куќа на ул. „Солунска“ бр. 268
Битола,Битола,Куќа на бул. „Први Мај“ бр. 53
Битола,Битола,Куќа на ул. „Широк сокак“ бр. 111
Битола,Битола,Куќа на ул. „Широк сокак“ бр. 82
Битола,Битола,Магаза на ул. „27 март“ бр. 3 и ул. „Добривое Радосављевиќ“ бр. 4
Битола,Битола,Куќа на ул. „Широк сокак“ бр. 99
Битола,Битола,Куќа на ул. „Широк сокак“ бр. 97
Битола,Битола,Куќа на ул. „Широк сокак“ бр. 84-а
Битола,Битола,Куќа на ул. „Широк сокак“ бр. 88
Битола,Битола,Куќа на ул. „Широк сокак“ бр. 103
Битола,Битола,Куќа на ул. „Широк сокак“ бр. 105
Битола,Битола,Куќа на ул. „Широк сокак“ бр. 109
Битола,Битола,Куќа на ул. „Добривое Радосавњевиќ“ бр. 6
Битола,Битола,Станбен објект на ул. „Широк сокак“ бр. 67
Битола,Битола,Станбен објект на ул. „Широк сокак“ бр. 90
Битола,Битола,Станбен објект на ул. „Широк сокак“ бр. 61
Битола,Битола,Станбен објект на ул. „Широк сокак“ бр. 45
Битола,Битола,Станбен објект на ул. „Широк сокак“ бр. 6
Битола,Битола,Станбен објект на ул. „Рузвелтова“ бр. 26
Битола,Битола,Станбен објект на ул. „Рузвелтова“ бр. 7
Битола,Битола,Станбен објект на ул. „Рузвелтова“ бр. 24
Битола,Битола,Станбен објект на ул. „Славко Лумбарко“ бр. 3
Битола,Битола,Еврејски гробишта
Битола,Битола,Ислахане
Битола,Буково,Археолошко наоѓалиште „Тумба“
Битола,Велушина,Велушка Тумба
Битола,Велушина,Археолошко наоѓалиште „Света Богородица Пречиста“
Битола,Велушина,Црква „Успение на Пресвета Богородица“
Битола,Велушина,Манастир „Свети Ѓорѓи“
Битола,Гопеш,Црква „Свето Преображение“
Битола,Канино,Тумба
Битола,Крстоар,Манастир „Свети Христофор“
Битола,Маловиште,Куќа на Ванку на Папе
Битола,Маловиште,Рурална споменичка целина Маловиште
Битола,Рамна,Раменска Тумба
Битола,Рамна,Раменска Грмада
Битола,Српци,Висои
Битола,Српци,Грамадиште
Битола,Цапари,Црква „Св. Петка“
Битола,Средно Егри,Лагитница
Битола,Средно Егри,Црква „Св. Архангел Михаил“
Битола,Стрежево,Кале
Брвеница,Челопек,Црква „Св. Никола“
Валандово,Валандово,Археолошко наоѓалиште „Стакина Чешма“
Валандово,Валандово,Археолошко наоѓалиште „Исар Кале“
Валандово,Градец,Археолошко наоѓалиште „Градиште“
Валандово,Дедели,Археолошко наоѓалиште „Каракуш“
Валандово,Марвинци,Исар
Валандово,Удово,Спомен-костурница
Вевчани,Вевчани,"Костојчинов вир, валавица и воденица"
Вевчани,Вевчани,Куќа на Коруновци
Вевчани,Вевчани,Куќа на Дуцкиновци
Вевчани,Вевчани,Куќа на Костојчиновци
Вевчани,Вевчани,Куќа на Ќитановци
Вевчани,Вевчани,Куќа на Пешиновци
Вевчани,Вевчани,Куќа на Плушковци
Вевчани,Вевчани,Куќа на Калајџиевци
Вевчани,Вевчани,Куќа на Гоговци
Вевчани,Вевчани,Куќа на Даскаловци
Вевчани,Вевчани,Куќа на Поповци
Велес,Велес,Партизански гробишта
Велес,Велес,Спомен-куќа на Васил Главинов
Велес,Велес,Куќа на ул. „Јован Алабакот“ бр. 1
Велес,Велес,Куќа на Прнарови
Велес,Велес,Куќа на Тренчови
Велес,Велес,Куќа на Чокалови
Велес,Велес,Куќа на ул. „Јован Алабакот“ бр. 8
Велес,Велес,Куќа на Паунови
Велес,Велес,Куќа на ул. „Максим Горки“ бр. 73
Велес,Велес,Куќа на ул. „Петар Михов“ бр. 3
Велес,Велес,Куќа на ул. „Јордан Хаџи Константинов-Џинот“ бр. 7
Велес,Велес,Куќа на ул. „Владимир Назор“ бр. 34
Велес,Велес,Куќа на ул. „Коле Цветков“ бр. 15
Велес,Велес,Црква „Св. Ѓорѓи“
Велес,Велес,Црква „Св. Марко“
Велес,Велес,Црква „Св. Спас“
Велес,Велес,Црква „Св. Пантелејмон“
Велес,Велес,Велешка тврдина
Велес,Велес,Фазил Ахмет-пашина џамија
Велес,Велес,Куќа на ул. „9 Ноември“ бр. 54
Велес,Велес,Куќа на ул. „9 Ноември“ бр. 30
Велес,Велес,Варналиите
Виница,Виница,Виничко кале
Виница,Виница,Археолошко наоѓалиште „Горица“
Виница,Виница,Куќа на Ќазим-бег
Гевгелија,Гевгелија,Археолошко наоѓалиште „Сува Река“
Гевгелија,Гевгелија,Археолошко наоѓалиште „Вардарски Рид“
Гевгелија,Гевгелија,Гевгелиски амам
Гевгелија,Гевгелија,ЖС „Гевгелија“
Гевгелија,Гевгелија,НУ Музеј - Гевгелија (Музеј „Митко Зафиров“)
Гевгелија,Гевгелија,Куќа на ул. „Маршал Тито“ бр. 170
Гевгелија,Гевгелија,Андреев конак
Гевгелија,Гевгелија,Зграда на Библиотеката„Гоце Делчев“
Гевгелија,Гевгелија,Кангов конак
Гевгелија,Гевгелија,Зграда на Општина Гевгелија
Гевгелија,Гевгелија,Вила Тина
Гевгелија,Гевгелија,Гевгелиска чаршија
Гевгелија,Гевгелија,Градба на ул. „Маршал Тито“ бр. 97
Гевгелија,Гевгелија,Градба на ул. „7 Ноември“ бр. 2
Гевгелија,Конско,Училишна зграда
Гевгелија,Милетково,Археолошко наоѓалиште „Градишор/Мрамор“
Гевгелија,Прдејци,Археолошко наоѓалиште „Бистерна“
Гевгелија,Прдејци,Археолошко наоѓалиште „Ветка Црква“
Гевгелија,Смоквица,Црква „Св. Димитртиј“
Гевгелија,Смоквица,Агова чешма
Гостивар,Гостивар,Куќа на ул. „Кочо Зази“ бр. 85
Гостивар,Гостивар,Куќа на ул. „Иво Рибар Лола“ бр. 80
Гостивар,Гостивар,Бегова куќа
Гостивар,Гостивар,Куќа на ул. „Слободан Поповски“ бр. 1
Гостивар,Гостивар,Куќа на Канчески
Гостивар,Гостивар,Стара медреса
Гостивар,Гостивар,Црква „Св. Димитрија“
Гостивар,Гостивар,Градски центар
Гостивар,Гостивар,Куќа на ул. „Страхиња Симоноски“ бр. 10
Гостивар,Гостивар,Куќа на ул. „29 Ноември“ бр. 2
Гостивар,Гостивар,Куќа на ул. „29 Ноември“ бр. 4
Гостивар,Гостивар,Куќа на ул. „29 Ноември“ бр. 6
Гостивар,Гостивар,Куќа на ул. „Слободан Пепоски“ бр. 46
Гостивар,Гостивар,Куќа на ул. „ЈНА“ бр. 65
Гостивар,Гостивар,Куќа на ул. „ЈНА“ бр. 72-80
Гостивар,Гостивар,Градба на ул. „ЈНА“ бр. 12 и 14
Гостивар,Гостивар,Градба на ул. „ЈНА“ бр. 16
Гостивар,Гостивар,Градба на ул. „ЈНА“ бр. 18
Гостивар,Гостивар,Градба на ул. „ЈНА“ бр. 57
Гостивар,Гостивар,Градба на ул. „ЈНА“ бр. 82-88
Гостивар,Гостивар,Градба на ул. „Борис Кидрич“ бр. 2
Гостивар,Гостивар,Куќа на ул. „Борис Кидрич“ бр. 2
Гостивар,Гостивар,Куќа на ул. „Борис Кидрич“ бр. 7 и 9
Гостивар,Гостивар,Куќа на ул. „Борис Кидрич“ бр. 8
Гостивар,Гостивар,Куќа на ул. „Борис Кидрич“ бр. 11
Гостивар,Равен,Археолошко наоѓалиште „Кале“
Гостивар,Равен,Стара џамија
Градско,Горно Чичево,Чичевски манастир
Градско,Градско,Стоби
Градско,Свеќани,Црква „Св. Атанасиј“
Дебар,Бањиште,Стари дебарски бањи
Дебар,Гари,Рурална целина Гари
Дебар,Дебар,Нов амам
Дебар,Дебар,Стар амам
Дебар,Дебар,Куќа на ул. „Петре Поповски“ бр. 9
Дебар,Дебар,Куќа на ул. „Лиман Каба“ бр. 22
Дебар,Дебар,Куќа на ул. „1 Мај“ бр. 43
Дебар,Дебар,Куќа на ул. „Братство–единство“ бр. 31
Дебар,Дебар,Куќа на ул. „Здравко Чочковски“ бр. 226
Дебар,Дебар,Инќар џамија
Дебар,Могорче,Елен Скок
Дебар,Рајчица,Црква „Св. Варвара“
Дебар,Џепиште,Археолошко наоѓалиште „Римска црква“
Дебрца,Белчишта,"Споменик на слободата, братството и единството на бригадите"
Дебрца,Белчишта,Основно училиште
Дебрца,Белчишта,Куќа со спомен-плоча
Дебрца,Велмеј,Археолошко наоѓалиште „Горнополско Градиште“
Дебрца,Велмеј,Археолошко наоѓалиште „Кутлина“
Дебрца,Велмеј,Црква „Св. Богородица Пречиста Ќелија“
Дебрца,Врбјани,Споменик на паднатите борци од НОБ
Дебрца,Горенци,Археолошко наоѓалиште „Требеништа-Сува Чешма“
Дебрца,Горенци,Археолошко наоѓалиште „Требенишка Некропола“
Дебрца,Горно Средоречие,Археолошко наоѓалиште „Зластрана“
Дебрца,Лешани,Црква „Сите Светители“
Дебрца,Лешани,Лешанска воденица
Дебрца,Оровник,Римски бањи
Дебрца,Сливово,Спомен-чешма
Дебрца,Сливово,Спомен-плоча
Дебрца,Требеништа,Археолошко наоѓалиште „Требеништа“
Дебрца,Требеништа,Требенишко кале
Делчево,Разловци,Црква „Св. Константин и Елена“
Демир,Демир Капија,Археолошки комплекс „Демир Капија“
Демир,Демир Капија,Мелница „Бошава“
Демир,Вирово,Вировски валавици
Демир,Жван,Жвански воденици
Демир,Жван,Топлички манастир
Демир,Железнец,Рурална целина
Демир,Журче,Амбар
Демир,Журче,Журчевски манастир
Демир,Обедник,Археолошки наоѓалиште „Влашки Гробишта“
Демир,Слепче,Црква „Св. Јован Претеча“
Демир,Смилево,Историска целина
Дојран,Стар Дојран,Дојрански амам
Дојран,Стар Дојран,Црква „Св. Илија“
Дојран,Нов Дојран,Археолошки комплекс „Топлец“
Дојран,Фурка,Црква „Св. Пророк Илија“
Долнени,Житоше,Црква „Св. Атанасиј Житоечки“
Долнени,Зрзе,Зрзески манастир
Долнени,Костинци,Црква „Рождество на Пресвета Богородица“
Долнени,Небрегово,Спомен-дом „Блаже Конески“
Желино,Желино,Желински мост
Зелениково,Градовци,Црква „Св. Ѓорѓи
Зелениково,Зелениково,Археолошко наоѓалиште „Слатина“
Зелениково,Таор,Археолошко наоѓалиште „Тули“
Зрновци,Мородвис,Морозвизд
Јегуновце,Орашје,Орашко Кале
Јегуновце,Туденце,Археолошко наоѓалиште „Црквиште“
Кавадарци,Ваташа,Спомен-куќа на Страшо Пинџур
Кавадарци,Ваташа,Споменик на дванаесетте ваташки младинци
Кавадарци,Дреново,Археолошко наоѓалиште „Картозов Рид“
Кавадарци,Кавадарци,Маркова кула
Кавадарци,Кавадарци,[[Тиквеш (винарија)|Стара винарска визба „Тиквеш“]
Кавадарци,Ресава,Археолошко наоѓалиште „Градот“
Карбинци,Карбинци,Куќа на Дамбеви
Карбинци,Козјак,Баргала
Карбинци,Козјак,Археолошко наоѓалиште „Градот/Кале“
Карбинци,Козјак,Археолошко наоѓалиште „Селиште“
Карбинци,Козјак,Археолошко наоѓалиште „Бандера“
Карбинци,Крупиште,Археолошко наоѓалиште „Клетовник“
Карбинци,Крупиште,Базилика Крупиште
Карбинци,Крупиште,Црвена Црква
Карбинци,Радање,Мехмед-агина џамија
Карбинци,Таринци,Археолошко наоѓалиште „Вршник“
Карбинци,Таринци,Археолошко наоѓалиште „Крст“
Кичево,Кичево,Китино Кале
Кичево,Кичево,Палатиште
Кичево,Кичево,Куќа на НОБ
Кичево,Кичево,Зграда на Музејот „Западна Македонија во НОБ“
Кичево,Кичево,Куќа на ул. „Маршал Тито“ бр. 58
Кичево,Кичево,Куќа на ул. „29 Ноември“ бр. 32
Кичево,Кичево,Куќа на ул. „Тане Целески“ бр. 19 и 21
Кичево,Кичево,Станбен објект на ул. „Јанко Михајловски“ бр. 11 и 13
Кичево,Кичево,Кичевска чаршија
Кичево,Подвис,Стара училишна зграда
Кичево,Цер,Археолошко наоѓалиште „Црквиште/Зад Забел“
Кичево,Цер,Спомен-гробница на Христо Узунов
Кичево,Цер,Црква „Мицеви“
Кичево,Манастирско Доленци,Кичевски манастир
Кичево,Јагол Доленци,Археолошко наоѓалиште „Суви Ливади“
Кичево,Длапкин Дол,Археолошко наоѓалиште „Чукаре“
Кичево,Длапкин Дол,Археолошко наоѓалиште „Св. Ѓорѓи“
Конче,Конче,Црква „Св. Стефан“
Кочани,Кочани,Средновековни кули
Кочани,Кочани,Споменик на слободата
Кочани,Костин Дол,"Стопанска целина, стопански објекти на воден погон"
Кратово,Кратово,Симиќева кула
Кратово,Кратово,Саат кула
Кратово,Кратово,"Урнатини од 4 средновековни кули (Хаџи-Костова кула, Крстева кула, Еминбегова кула, Златкова кула)"
Кратово,Кратово,Куќа на ул. „Јосиф Даскалов“ бр. 58
Кратово,Кратово,Куќа на ул. „Христијан Тодоровски – Карпош“ бр. 1
Кратово,Кратово,Соколова куќа
Кратово,Кратово,Куќа на ул. „Јосиф Даскалов“ бр. 56
Кратово,Кратово,Куќа на ул. „Јосиф Даскалов“ бр. 80
Кратово,Кратово,Куќа на ул. „Јосиф Даскалов“ бр. 61
Кратово,Кратово,Куќа на ул. „Јосиф Даскалов“ бр. 59
Кратово,Кратово,Куќа на ул. „Јосиф Даскалов“ бр. 66
Кратово,Кратово,Куќа на ул. „Планинска“ бр. 17
Кратово,Кратово,Куќа на ул. „Глигор Пазавански“ бр. 17
Кратово,Кратово,Куќа на ул. „Глигор Пазавански“ бр. 22
Кратово,Кратово,Куќа на ул. „Гоце Делчев“ (или „Ѓуро Салај“) бр. 4
Кратово,Кратово,Куќа на ул. „Цветко Танев“
Кратово,Кратово,"Целина на средноковни мостови (Гровчански мост, Чаршиски мост, Јокширски мост Радин мост, Горен мост, Аргулички мост)"
Кратово,Кратово,Гровчански мост
Кратово,Кратово,Аргулички мост
Крива,Варовиште,Осоговски манастир
Крива,Градец,Градиште
Крива,Дурачка Река,Валавици на Дурачка Река
Крива,Крива Паланка,Куќа на ул. „Никола Тесла“ бр. 13
Крива,Мождивњак,Црква „Св. Троица“
Крушево,Бучин,Стар мост
Крушево,Крушево,Куќа на Никола Карев
Крушево,Крушево,Куќа на Крушевската Република
Крушево,Крушево,Работилница за оружје
Крушево,Крушево,Споменик „Илинден“
Крушево,Крушево,Куќа на ул. „Коча Миленку“ бр. 4
Крушево,Крушево,Куќа на ул. „Коча Миленку“ бр. 13
Крушево,Крушево,Куќа на ул. „Коча Миленку“ бр. 14
Крушево,Крушево,Куќа на ул. „Коча Миленку“ бр. 15
Крушево,Крушево,Куќа на ул. „Коча Миленку“ бр. 22
Крушево,Крушево,Куќа на ул. „Коча Миленку“ бр. 27
Крушево,Крушево,Куќа на ул. „Коча Миленку“ бр. 29
Крушево,Крушево,Куќа на ул. „Коча Миленку“ бр. 32
Крушево,Крушево,Куќа на ул. „Нико Доага“ бр. 52
Крушево,Крушево,Куќа на ул. „Нико Доага“ бр. 55
Крушево,Крушево,Куќа на ул. „Нико Доага“ бр. 56
Крушево,Крушево,Куќа на ул. „Нико Доагѓа“ бр. 65
Крушево,Крушево,Куќа на ул. „Нико Доага“ бр. 66
Крушево,Крушево,Куќа на ул. „Нико Доага“ бр. 67
Крушево,Крушево,Куќа на ул. „Нико Доага“ бр. 68
Крушево,Крушево,Куќа на ул. „Партизанска“ бр. 6
Крушево,Крушево,Куќа на ул. „Партизанска“ бр. 28
Крушево,Крушево,Куќа на ул. „Партизанска“ бр. 30
Крушево,Крушево,Куќа на ул. „Партизанска“ бр. 38
Крушево,Крушево,Куќа на ул. „Манчу Матак“ бр. 28
Крушево,Крушево,Куќа на ул. „Манчу Матак“ бр. 32
Крушево,Крушево,Куќа на ул. „Манчу Матак“ бр. 34
Крушево,Крушево,Куќа на ул. „Тома Никле“ бр. 16
Крушево,Крушево,Куќа на ул. „Тома Никле“ бр. 18
Крушево,Крушево,Куќа на ул. „Илинденска“ бр. 100
Крушево,Крушево,Куќа на ул. „Илинденска“ бр. 101
Крушево,Крушево,Куќа на ул. „Таки Бербер“ бр. 16
Крушево,Крушево,Куќа на ул. „Таки Бербер“ бр. 17
Крушево,Крушево,Куќа на ул. „Питу Гули“ бр. 1
Крушево,Крушево,Куќа на ул. „Питу Гули“ бр. 29
Крушево,Крушево,Куќа на ул. „Благој Целев“ бр. 15
Крушево,Крушево,Куќа на ул. „Благој Целев“ бр. 25
Крушево,Крушево,Куќа на ул. „Благој Целев“ бр. 28
Крушево,Крушево,Куќа на ул. „Мише Ефтим“ бр. 63
Крушево,Крушево,Куќа на ул. „Никола Ѓурковиќ“ бр. 11
Крушево,Крушево,Куќа на ул. „Шула Мина“ бр. 34
Крушево,Крушево,Куќа на Градскиот народен комитет
Крушево,Крушево,Куќа на ул. „8 Септември“ бр. 23
Крушево,Крушево,Куќа на ул. „Мише Ефтим“ бр. 20
Крушево,Крушево,Иконостасот од црквата „Св. Јован Крстител“
Крушево,Крушево,Спомен-куќа на Тоше Проески
Крушево,Крушево,Дом на културата „Наум Наумовски – Борче“
Крушево,Крушево,Зграда на Музејот на НОВ
Куманово,Довезенце,Црква „Вознесение Христово“
Куманово,Куманово,Куќа на ул. „Моша Пијаде“ бр. 138
Куманово,Куманово,Спомен-куќа на Христијан Тодоровски-Карпош
Куманово,Куманово,"Македонка, споменик на Револуцијата"
Куманово,Куманово,Татар Синан Бег џамија
Куманово,Куманово,Занаечиски дом
Куманово,Куманово,Соколански дом
Куманово,Куманово,Хотел „Солун“
Куманово,Табановце,Џамија Коџа Мегмед Бег
Липково,Матејче,Жеглиговски манастир
Маврово,Битуше,Куќа на партизанската печатница „Гоце Делчев“
Маврово,Галичник,Куќа на Партенија Зографски
Маврово,Галичник,Куќа на Ѓорѓија Пулевски
Маврово,Галичник,Куќа – сопственик Иљо Панговски/Ванковски
Маврово,Галичник,Куќа – сопственици Митре Ѓозински и Велимир Чанговски
Маврово,Галичник,Куќа – сопственик Иљо Ванковски
Маврово,Галичник,Куќа – сопственик Пејчин Томовски
Маврово,Галичник,Куќа – сопственици Иљо и Стрезо Цубалевски
Маврово,Галичник,Куќа – сопственик Велимир Ѓиновски
Маврово,Галичник,Куќа – сопственик Глигор Тулевски
Маврово,Галичник,Куќа – сопственици Милош и Динго Меловски
Маврово,Галичник,Куќа – сопственици Нико и Славко Филиповски
Маврово,Галичник,Куќа – сопственик Алекса Муратовски
Маврово,Галичник,Куќа – сопственик Трајче Чапаровски
Маврово,Галичник,Куќа – сопственик Митре Тортевски
Маврово,Галичник,Куќа – сопственик Мане Шулевски
Маврово,Галичник,Куќа – сопственик Косто Шаклевски
Маврово,Галичник,Куќа – сопственици Ристе и Блаже Меловски
Маврово,Галичник,Куќа – сопственик Симон Поповски
Маврово,Галичник,Куќа – сопственик Петре Лукановски
Маврово,Галичник,Куќа – сопственик Методија Секуловски
Маврово,Галичник,Куќа – сопственик Кузе Фрчковски
Маврово,Галичник,Куќа – сопственик Јаков Денковски
Маврово,Галичник,Куќа – сопственик Дамјан Голчевски
Маврово,Галичник,Куќа – сопственик Јаков Тримчески
Маврово,Галичник,Куќа – сопственик Ѓорѓи Чалчевски
Маврово,Галичник,Куќа – сопственици Василко и Трајан Крцковски
Маврово,Галичник,Куќа – сопственици Петре и Миле Желчевски
Маврово,Галичник,Куќа – сопственик Јосе Пљачковски
Маврово,Галичник,Куќа – сопственик Ристе Чоланчески
Маврово,Галичник,Куќа – сопственици Доксим и Ефто Чадловски
Маврово,Галичник,Куќа – сопственик Ѓорѓе Карановски
Маврово,Галичник,Куќа – сопственици Борис и Томо Бундалевски
Маврово,Галичник,Куќа – сопственик Иљо Филиповски
Маврово,Галичник,Куќа – сопственик Меле Граорковски
Маврово,Галичник,Куќа – сопственик Ристе Бужаровски
Маврово,Галичник,Куќа – сопственици Ристе и Никола Ванковски
Маврово,Галичник,Куќа – сопственик Кире Томовски
Маврово,Галичник,Куќа – сопственик Веле Ванковски
Маврово,Галичник,Куќа – сопственик Никола Николовски
Маврово,Галичник,Куќа – сопственици Ѓорѓи и Деспот Филиповски
Маврово,Галичник,Куќа – сопственици Ладе и Веле Лакински
Маврово,Галичник,Куќа – сопственици Јаков и Васе Бундовски
Маврово,Галичник,Куќа – сопственик Кире Крцковски
Маврово,Галичник,Куќа – сопственик Никола Куковски
Маврово,Галичник,Куќа – сопственик Доксе Лоновски
Маврово,Галичник,Куќа – сопственик Јован Муратовски
Маврово,Галичник,Куќа – сопственик Славко Брезовски
Маврово,Галичник,Куќа – сопственици Тодор и Русе Мицовски
Маврово,Галичник,Куќа – сопственици Меле и Ристе Куцуловски
Маврово,Галичник,Куќа – сопственик Павле Цинцаровски
Маврово,Галичник,Куќа – сопственик Динго Чаловски
Маврово,Галичник,Куќа – сопственици Борис и Трајче Филиповски
Маврово,Галичник,Куќа – сопственик Русе Геговски
Маврово,Галичник,Куќа – сопственик Тофе Кецкаровски
Маврово,Галичник,Куќа – сопственик Блаже Шотаровски
Маврово,Галичник,Куќа – сопственици Деспот и Мето Чаловски
Маврово,Галичник,Куќа – сопственици Кузе и Вељо Чаловски
Маврово,Галичник,Куќа – сопственик Стрезо Бундовски
Маврово,Галичник,Куќа – сопственик Јован Синокаповски
Маврово,Галичник,Галичник
Маврово,Јанче,Куќа – сопственик и корисник Јован Негриовски
Маврово,Јанче,Куќа – сопственик и корисник Илија Тортевски
Маврово,Јанче,Куќа – сопственик и корисник Биљали Амдија
Маврово,Јанче,Куќа – сопственик и корисник Осман Имери (Бојаџи)
Маврово,Јанче,Куќа – сопственик и корисник Петко Деспотовски
Маврово,Јанче,Куќа – сопственик и корисник Лиман Суљоски
Маврово,Јанче,Куќа – сопственик и корисник Усни Амзовски и Шефкија Суљовски
Маврово,Јанче,Куќа – сопственик и корисник Лидија Лиман
Маврово,Кичиница,Кичиница
Маврово,Никифорово,Археолошко наоѓалиште „Борче/Свети Пантелејмон“
Маврово,Ростуше,Бигорски манастир
Маврово,Ростуше,Куќа – сопственици Василко и Трајан Круковски
Маврово,Ростуше,Стара болница
Маврово,Тресонче,Црква „Св. Петар и Павле“
Македонски,Здуње,Црква „Воведение на Пресвета Богородица“
Македонски,Македонски Брод,Црква „Света Богородица“
Македонски,Модриште,Црква „Св. Атанасиј Велики“
Македонски,Ореовец,Црква „Св. Архангел Гаврил“
Македонски,Требино,Црква „Пресвета Богородица“
Могила,Беранци,Црквиште
Могила,Ивањевци,Археолошко наоѓалиште „Штала - Врбак“
Могила,Могила,Рековчанска Тумба
Неготино,Долни Дисан,Археолошко наоѓалиште „Два Гроба“
Новаци,Зовиќ,Археолошко наоѓалиште „Тумба Чебрен“
Новаци,Кајмакчалан,Црква „Св. Петар“
Новаци,Мегленци,Археолошко наоѓалиште „Мегленски Крст“
Ново,Барбарево,Археолошко наоѓалиште „Црвено Поле“
Ново,Борисово,Воденица за обработка на ориз
Охрид,Долно Лакочереј,Црква „Св. Еразмо“
Охрид,Коњско (Охридско),Црква „Св. Стефан Панцир“
Охрид,Косел,Споменик „Рашанец“
Охрид,Куратица,Гробница на паднатите борци во НОБ
Охрид,Љубаништа,Манастир „Св. Наум“
Охрид,Охрид,Воска амам
Охрид,Охрид,Ески амам
Охрид,Охрид,Антички театар
Охрид,Охрид,Археолошко наоѓалиште „Гробница-Видобишта“
Охрид,Охрид,Археолошко наоѓалиште „Козлук“
Охрид,Охрид,Археолошко наоѓалиште на ул. „Илинденска“ б.б.
Охрид,Охрид,"Хермелија („Габавци“, „Патерица“, „Амбарџица“)"
Охрид,Охрид,Археолошко наоѓалиште „Свети Еразмо“
Охрид,Охрид,Археолошко наоѓалиште „Караѓулевци“
Охрид,Охрид,Галерија на икони
Охрид,Охрид,Гроб на Григор Прличев
Охрид,Охрид,Куќа на Христо Узунов
Охрид,Охрид,Спомен-могила на Славеј Планина
Охрид,Охрид,Куќа на Григор Прличев
Охрид,Охрид,Заедничка гробница на паднатите борци во НОБ
Охрид,Охрид,Куќа со спомен-плоча на ул. „Климентска“ бр. 75
Охрид,Охрид,Спомен-плоча на карпата кај „Баирот“
Охрид,Охрид,Дрво „Кочеџик“ во комплексот „Св. Климент“
Охрид,Охрид,Куќа на Кадри Шех
Охрид,Охрид,Куќа на Петруш Вангелов
Охрид,Охрид,Куќа на Фроса Тримчева
Охрид,Охрид,Куќа на Славка Џамбаз
Охрид,Охрид,Куќа на Арнаудови
Охрид,Охрид,Куќа на Талеви
Охрид,Охрид,Куќа на Бојаџиеви
Охрид,Охрид,Куќа на Димзови
Охрид,Охрид,Куќа на Климе Банде
Охрид,Охрид,Куќа на ул. „Маршал Толбухин“ бр. 2
Охрид,Охрид,Куќа на ул. „Свети Климент Охридски“ бр. 21
Охрид,Охрид,Куќа на Чаулеви
Охрид,Охрид,Куќа на Ајри Доко
Охрид,Охрид,Куќа на Робевци
Охрид,Охрид,Зграда на Радио Охрид
Охрид,Охрид,Магаза на Сулејман Хамди Џељо
Охрид,Охрид,Магаза на Адиљ
Охрид,Охрид,Магаза на Тилеви
Охрид,Охрид,Куќа на Љушеви
Охрид,Охрид,Куќа на Климент Талев
Охрид,Охрид,Куќа на Стефоски
Охрид,Охрид,Магаза на Голеви
Охрид,Охрид,Магаза на Симончеви
Охрид,Охрид,Куќа на Ѓинековци
Охрид,Охрид,Магаза на Кичеевци
Охрид,Охрид,Куќа на Стружанови
Охрид,Охрид,Куќа на ул. „Цар Самоил“ бр. 55
Охрид,Охрид,Куќа на ул. „Цар Самоил“ бр. 59
Охрид,Охрид,Куќа на Коле Котуше
Охрид,Охрид,Куќа на ул. „Страшо Пинџур“ бр. 2
Охрид,Охрид,Куќа на ул. „Страшо Пинџур“ бр. 20
Охрид,Охрид,Поранешна куќа на „Охридско лето“
Охрид,Охрид,Куќа на Групчеви
Охрид,Охрид,Куќа на Ѓурчинови
Охрид,Охрид,Куќа на Митрески
Охрид,Охрид,Куќа на ул. „7 Ноември“ бр. 3
Охрид,Охрид,Куќа на ул. „7 Ноември“ бр. 5
Охрид,Охрид,Куќа на Паунковци
Охрид,Охрид,Куќа на МАНУ
Охрид,Охрид,Магаза на Филипови
Охрид,Охрид,Куќа на Петанови
Охрид,Охрид,Куќа на Хаџиеви
Охрид,Охрид,Работничко училиште
Охрид,Охрид,Музеј на словенската писменост
Охрид,Охрид,Стар град
Охрид,Охрид,Самуилова тврдина
Охрид,Охрид,Теќе „Зејнел Абедин-паша“
Охрид,Охрид,Турбе на Синан Челеби
Охрид,Охрид,Црква „Св. Климент и Пантелејмон“
Охрид,Охрид,Црква „Св. Богородица Челница“
Охрид,Охрид,Црква „Мали Свети Врачи“
Охрид,Охрид,Црква „Св. Богородица Болничка“
Охрид,Охрид,Црква „Св. Никола Болнички“
Охрид,Охрид,Црква „Пресвета Богородица Перивлептос“
Охрид,Охрид,Црква „Св. Климент Охридски“
Охрид,Охрид,Црква „Св. Јован Канео“
Охрид,Охрид,Црква „Св. Софија“
Охрид,Охрид,Црква „Св. Богородица Каменско“
Охрид,Охрид,Црква „Св. Никола Геракомија“
Охрид,Охрид,Црква „Св. Никола Арбанашки“
Охрид,Охрид,Црква „Св. Никола Чудотворец“
Охрид,Охрид,Алипашина џамија
Охрид,Охрид,Ајдарпашина џамија
Охрид,Охрид,Џамија на Хаџи Дургут
Охрид,Охрид,Џамија на Хаџи Хамза
Охрид,Охрид,Кулоглу џамија
Охрид,Охрид,Емин Махмуд џамија
Охрид,Охрид,Кешанли џамија
Охрид,Охрид,Охридско природно и културно-историско подрачје
Охрид,Охрид,Охридско Кале/Горни Сарај
Охрид,Охрид,Полинхонална ранохристијанска црква кај Имарет
Охрид,Охрид,Археолошко наоѓалиште „Плаошник“
Охрид,Охрид,Хотел „Палас“
Охрид,Охрид,Археолошко наоѓалиште „Св. 40 Севастиски Маченици“
Охрид,Охрид,Студенчишка базилика
Охрид,Охрид,Црква „Големи Свети Врачи“
Охрид,Охрид,Црква „Св. Георгиј“
Охрид,Охрид,Манчевци
Охрид,Охрид,Поранешно училиште „Свети Сава“
Охрид,Охрид,Спомен-плоча на паднатите професори и ученици во НОБ од охридската гимназија
Охрид,Пештани,Црква „Св. Богородица Пештанска“
Охрид,Пештани,Залив на Коските
Петровец,Бадар,Бадеријана
Петровец,Летевци,Маркови Кули
Пехчево,Робово,Археолошко наоѓалиште „Мачевски Чуки“
Пехчево,Чифлик,Археолошко наоѓалиште „Село“
Прилеп,Бешиште,Чебренски манастир
Прилеп,Дабница,Трескавец
Прилеп,Манастир,Мариовски манастир
Прилеп,Прилеп,Црква „Св. Благовештение“
Прилеп,Прилеп,Згради на Заводот за заштита на спомениците на културата и музеј – Прилеп
Прилеп,Прилеп,Амам
Прилеп,Прилеп,Турска бања
Прилеп,Прилеп,Куршумли ан
Прилеп,Прилеп,Комплекс Варош
Прилеп,Прилеп,Дуќан на ул. „Блаже Крсточанец“ бр. 1
Прилеп,Прилеп,Дуќан на ул. „Блаже Крсточанец“ бр. 2
Прилеп,Прилеп,Дуќан на ул. „Блаже Крсточанец“ бр. 3 - за налани
Прилеп,Прилеп,Дуќан на ул. „Блаже Крсточанец“ бр. 5
Прилеп,Прилеп,Дуќан на ул. „29 Ноември“ бр. 3
Прилеп,Прилеп,Дуќан на ул. „29 Ноември“ бр. 4
Прилеп,Прилеп,Дуќан на ул. „29 Ноември“ бр. 5
Прилеп,Прилеп,Дуќан на ул. „29 Ноември“ бр. 10
Прилеп,Прилеп,Дуќан на ул. „29 Ноември“ бр. 11
Прилеп,Прилеп,Дуќан на ул. „29 Ноември“ бр. 12
Прилеп,Прилеп,Дуќан на ул. „29 Ноември“ бр. 14
Прилеп,Прилеп,Дуќан на ул. „Рампе Стојаноски“ бр. 23
Прилеп,Прилеп,Дуќан на ул. „Рампе Стојаноски“ бр. 25
Прилеп,Прилеп,Дуќан на ул. „Борка Талески“ бр. 5
Прилеп,Прилеп,Дуќан на ул. „Борка Талески“ бр. 7
Прилеп,Прилеп,Дуќан на ул. „Борка Талески“ бр. 9
Прилеп,Прилеп,Дуќан на ул. „Борка Талески“ бр. 11
Прилеп,Прилеп,Дуќан на ул. „Борка Талески“ бр. 13
Прилеп,Прилеп,Дуќан на ул. „Борка Талески“ бр. 15
Прилеп,Прилеп,Дуќан на ул. „Борка Талески“ бр. 17
Прилеп,Прилеп,Дуќан на ул. „Борка Талески“ бр. 19 за трукерај
Прилеп,Прилеп,Дуќан на ул. „Борка Талески“ бр. 19 – касапница
Прилеп,Прилеп,Дуќан на ул. „Борка Талески“ бр. 21
Прилеп,Прилеп,Дуќан на ул. „Борка Талески“ бр. 23
Прилеп,Прилеп,Дуќан на ул. „Борка Талески“ бр. 23а
Прилеп,Прилеп,Дуќан на ул. „Борка Талески“ бр. 25
Прилеп,Прилеп,Дуќан на ул. „Борка Талески“ бр. 25а
Прилеп,Прилеп,Дуќан на ул. „Борка Талески“ бр. 27
Прилеп,Прилеп,Дуќан на ул. „Борка Талески“ бр. 33
Прилеп,Прилеп,Дуќан на ул. „Борка Талески“ бр. 35
Прилеп,Прилеп,Дуќан на ул. „Борка Талески“ бр. 37
Прилеп,Прилеп,Дуќан на ул. „Херој Карпош“ бр. 1
Прилеп,Прилеп,Дуќан на ул. „Херој Карпош“ бр. 3
Прилеп,Прилеп,Дуќан на ул. „Херој Карпош“ бр. 7
Прилеп,Прилеп,Дуќан на ул. „Херој Карпош“ бр. 13
Прилеп,Прилеп,Дуќан на ул. „Херој Карпош“ бр. 15
Прилеп,Прилеп,Дуќан на ул. „Херој Карпош“ бр. 17
Прилеп,Прилеп,Дуќан на ул. „Херој Карпош“ бр. 19
Прилеп,Прилеп,Дуќан на ул. „Херој Карпош“ бр. 21
Прилеп,Прилеп,Дуќан на ул. „Херој Карпош“ бр. 23
Прилеп,Прилеп,Дуќан на ул. „Херој Карпош“ бр. 27
Прилеп,Прилеп,Дуќан на ул. „Гоце Делчев“ бр. 7
Прилеп,Прилеп,Дуќан на ул. „Гоце Делчев“ бр. 9
Прилеп,Прилеп,Дуќан на ул. „Гоце Делчев“ бр. 11
Прилеп,Прилеп,Дуќан на ул. „Гоце Делчев“ бр. 13
Прилеп,Прилеп,Дуќан на ул. „Гоце Делчев“ бр. 15
Прилеп,Прилеп,Дуќан на ул. „Гоце Делчев“ бр. 16
Прилеп,Прилеп,Дуќан на ул. „Гоце Делчев“ бр. 17
Прилеп,Прилеп,Дуќан на ул. „Гоце Делчев“ бр. 18
Прилеп,Прилеп,Дуќан на ул. „Гоце Делчев“ бр. 19
Прилеп,Прилеп,Дуќан на ул. „Гоце Делчев“ бр. 20
Прилеп,Прилеп,Дуќан на ул. „Гоце Делчев“ бр. 21
Прилеп,Прилеп,Дуќан на ул. „Гоце Делчев“ бр. 22
Прилеп,Прилеп,Дуќан на ул. „Гоце Делчев“ бр. 23
Прилеп,Прилеп,Дуќан на ул. „Гоце Делчев“ бр. 24
Прилеп,Прилеп,Дуќан на ул. „Гоце Делчев“ бр. 30
Прилеп,Прилеп,Дуќан на ул. „Гоце Делчев“ бр. 32
Прилеп,Прилеп,Дуќан на ул. „Гоце Делчев“ бр. 34
Прилеп,Прилеп,Дуќан на ул. „Јане Сандански“ бр. 9
Прилеп,Прилеп,Дуќан на ул. „Јане Сандански“ бр. 12
Прилеп,Прилеп,Дуќан на ул. „Јане Сандански“ бр. 13
Прилеп,Прилеп,Дуќан на ул. „Јане Сандански“ бр. 14
Прилеп,Прилеп,Дуќан на ул. „Јане Сандански“ бр. 15
Прилеп,Прилеп,Дуќан на ул. „Јане Сандански“ бр. 16
Прилеп,Прилеп,Дуќан на ул. „Јане Сандански“ бр. 17
Прилеп,Прилеп,Дуќан на ул. „Јане Сандански“ бр. 19
Прилеп,Прилеп,Дуќан на ул. „Јане Сандански“ бр. 20
Прилеп,Прилеп,Дуќан на ул. „Јане Сандански“ бр. 21
Прилеп,Прилеп,Дуќан на ул. „Јане Сандански“ бр. 22
Прилеп,Прилеп,Дуќан на ул. „Јане Сандански“ бр. 23
Прилеп,Прилеп,Дуќан на ул. „Јане Сандански“ бр. 24
Прилеп,Прилеп,Дуќан на ул. „Јане Сандански“ бр. 25
Прилеп,Прилеп,Дуќан на ул. „Јане Сандански“ бр. 26
Прилеп,Прилеп,Дуќан на ул. „Јане Сандански“ бр. 27
Прилеп,Прилеп,Дуќан на ул. „Јане Сандански“ бр. 28
Прилеп,Прилеп,Дуќан на ул. „Јане Сандански“ бр. 29
Прилеп,Прилеп,Дуќан на ул. „Јане Сандански“ бр. 30
Прилеп,Прилеп,Дуќан на ул. „Орце Николов“ бр. 1
Прилеп,Прилеп,Дуќан на ул. „Орце Николов“ бр. 2
Прилеп,Прилеп,Дуќан на ул. „Орце Николов“ бр. 3
Прилеп,Прилеп,Дуќан на ул. „Орце Николов“ бр. 4
Прилеп,Прилеп,Дуќан на ул. „Орце Николов“ бр. 5
Прилеп,Прилеп,Дуќан на ул. „Орце Николов“ бр. 6
Прилеп,Прилеп,Дуќан на ул. „Орце Николов“ бр. 9
Прилеп,Прилеп,Дуќан на ул. „Орце Николов“ бр. 10
Прилеп,Прилеп,Дуќан на ул. „Орце Николов“ бр. 11
Прилеп,Прилеп,Дуќан на ул. „Орце Николов“ бр. 13
Прилеп,Прилеп,Дуќан на ул. „Орце Николов“ бр. 15
Прилеп,Прилеп,Дуќан на ул. „Караорман“ бр. 15
Прилеп,Прилеп,Дуќан на ул. „Караорман“ бр. 17
Прилеп,Прилеп,Дуќан на ул. „Караорман“ бр. 18
Прилеп,Прилеп,Дуќан на ул. „Караорман“ бр. 19
Прилеп,Прилеп,Дуќан на ул. „Караорман“ бр. 21
Прилеп,Прилеп,Дуќан на ул. „Караорман“ бр. 23
Прилеп,Прилеп,Дуќан на ул. „Караорман“ бр. 24
Прилеп,Прилеп,Дуќан на ул. „Караорман“ бр. 25
Прилеп,Прилеп,Дуќан на ул. „Караорман“ бр. 31
Прилеп,Прилеп,Дуќан на ул. „Караорман“ бр. 32
Прилеп,Прилеп,Дуќан на ул. „Караорман“ бр. 36
Прилеп,Прилеп,Дуќан на ул. „Караорман“ бр. 38
Прилеп,Прилеп,Дуќан на ул. „Лазо Попоски“ бр. 1
Прилеп,Прилеп,Дуќан на ул. „Лазо Попоски“ бр. 3
Прилеп,Прилеп,Дуќан на ул. „Лазо Попоски“ бр. 4
Прилеп,Прилеп,Дуќан на ул. „Лазо Попоски“ бр. 5
Прилеп,Прилеп,Дуќан на ул. „Лазо Попоски“ бр. 6
Прилеп,Прилеп,Дуќан на ул. „Лазо Попоски“ бр. 7
Прилеп,Прилеп,Дуќан на ул. „Лазо Попоски“ бр. 8
Прилеп,Прилеп,Дуќан на ул. „Лазо Попоски“ бр. 9
Прилеп,Прилеп,Дуќан на ул. „Лазо Попоски“ бр. 10
Прилеп,Прилеп,Дуќан на ул. „Лазо Попоски“ бр. 10/а
Прилеп,Прилеп,Дуќан на ул. „Лазо Попоски“ бр. 11
Прилеп,Прилеп,Дуќан на ул. „Лазо Попоски“ бр. 12
Прилеп,Прилеп,Дуќан на ул. „Лазо Попоски“ бр. 14
Прилеп,Прилеп,Дуќан на ул. „Лазо Попоски“ бр. 18
Прилеп,Прилеп,Дуќан на ул. „Лазо Попоски“ бр. 20
Прилеп,Прилеп,Дуќан на ул. „Лазо Попоски“ бр. 22
Прилеп,Прилеп,Дуќан на ул. „Стив Наумов“ бр. 2
Прилеп,Прилеп,Дуќан на ул. „Стив Наумов“ бр. 5
Прилеп,Прилеп,Дуќан на ул. „Стив Наумов“ бр. 6
Прилеп,Прилеп,Дуќан на ул. „Стив Наумов“ бр. 7
Прилеп,Прилеп,Дуќан на ул. „Стив Наумов“ бр. 8
Прилеп,Прилеп,Дуќан на ул. „Стив Наумов“ бр. 9
Прилеп,Прилеп,Дуќан на ул. „Стив Наумов“ бр. 11
Прилеп,Прилеп,Дуќан на ул. „Стив Наумов“ бр. 12
Прилеп,Прилеп,Дуќан на ул. „Стив Наумов“ бр. 12а
Прилеп,Прилеп,Дуќан на ул. „Стив Наумов“ бр. 14
Прилеп,Прилеп,Дуќан на ул. „Стив Наумов“ бр. 15
Прилеп,Прилеп,Дуќан на ул. „Стив Наумов“ бр. 18
Прилеп,Прилеп,Дуќан на ул. „Стив Наумов“ бр. 19
Прилеп,Прилеп,Дуќан на ул. „Стив Наумов“ бр. 21
Прилеп,Прилеп,Дуќан на ул. „Стив Наумов“ бр. 25
Прилеп,Прилеп,Дуќан на ул. „Цветан Димов“ бр. 2
Прилеп,Прилеп,Дуќан на ул. „Цветан Димов“ бр. 6
Прилеп,Прилеп,Дуќан на ул. „Цветан Димов“ бр. 6а
Прилеп,Прилеп,Дуќан на ул. „Илинденска“ бр. 31
Прилеп,Прилеп,Дуќан на ул. „Илинденска“ бр. 33
Прилеп,Прилеп,Дуќан на ул. „Илинденска“ бр. 35
Прилеп,Прилеп,Дуќан на ул. „Илинденска“ бр. 37 – продавница
Прилеп,Прилеп,Дуќан на ул. „Илинденска“ бр. 37 - фризерски салон
Прилеп,Прилеп,Дуќан на ул. „Илинденска“ бр. 39
Прилеп,Прилеп,Дуќан на ул. „Илинденска“ бр. 43
Прилеп,Прилеп,Дуќан на ул. „Илинденска“ бр. 45
Прилеп,Прилеп,Дуќан на ул. „Илинденска“ бр. 47
Прилеп,Прилеп,Дуќан на ул. „Илинденска“ бр. 48
Прилеп,Прилеп,Дуќан на ул. „Илинденска“ бр. 49
Прилеп,Прилеп,Дуќан на ул. „Илинденска“ бр. 50
Прилеп,Прилеп,Дуќан на ул. „Илинденска“ бр. 52
Прилеп,Прилеп,Дуќан на ул. „Илинденска“ бр. 54
Прилеп,Прилеп,Дуќан на ул. „Илинденска“ бр. 56
Прилеп,Прилеп,Дуќан на ул. „Илинденска“ бр. 58
Прилеп,Прилеп,Дуќан на ул. „Илинденска“ бр. 60
Прилеп,Прилеп,Дуќан на ул. „Илинденска“ бр. 62
Прилеп,Прилеп,Дуќан на ул. „Илинденска“ бр. 64
Прилеп,Прилеп,Дуќан на ул. „Илинденска“ бр. 66
Прилеп,Прилеп,Дуќан на ул. „Илинденска“ бр. 68
Прилеп,Прилеп,Дуќан на ул. „Илинденска“ бр. 70
Прилеп,Прилеп,Дуќан на ул. „Илинденска“ бр. 72
Прилеп,Прилеп,Дуќан на ул. „Илинденска“ бр. 74
Прилеп,Прилеп,Дуќан на ул. „Илинденска“ бр. 76
Прилеп,Прилеп,Дуќан на ул. „Илинденска“ бр. 78
Прилеп,Прилеп,Дуќан на ул. „Ленинова“ бр. 114
Прилеп,Прилеп,Куќа на Кузман Јосифоски – Питу
Прилеп,Прилеп,Могила на непобедените
Прилеп,Прилеп,Прилепска чаршија
Прилеп,Прилеп,Чарши џамија
Прилеп,Прилеп,Скршена џамија
Прилеп,Прилеп,Меморијален музеј „11 Октомври“
Пробиштип,Злетово,Црква „Св. Трифун“
Пробиштип,Злетово,Црква „Св. Богородица Балаклија“
Пробиштип,Лесново,Лесновски манастир
Радовиш,Радовиш,Радовишко кале
Радовиш,Радовиш,Куќа на Ристо Консулов
Радовиш,Радовиш,Радовишко турбе
Ресен,Асамати,Археолошко наоѓалиште „Ружин Гроб“
Ресен,Болно,Куќа на Мите Богоевски
Ресен,Јанковец,Куќа во Јанковец
Ресен,Коњско,Село Коњско
Ресен,Љубојно,Село Љубојно
Ресен,Ресен,Ресенски сарај
Ресен,Ресен,Куќа на ул. „Кочо Рацин“ бр. 22
Ресен,Ресен,Спомен-куќа на Татарчеви
Ресен,Сливница,Сливнички манастир
Росоман,Манастирец,Средновековна кула
Свети,Амзабегово,Археолошко наоѓалиште „Барутница“
Свети,Горобинци,Археолошко наоѓалиште „Руг Баир“
Свети,Свети Николе,Стара општинска зграда
Старо,Кокино,Кокино
Старо,Младо Нагоричане,Зебрњак
Старо,Младо Нагоричане,Костоперска Карпа
Старо,Младо Нагоричане,Црква „Св. Ѓорѓи Победоносец“
Старо,Орах,Црква „Св. Никола и Св. Ѓорѓи“
Старо,Старо Нагоричане,Забелски манастир
Струга,Горна Белица,Археолошко наоѓалиште „Горна Белица“
Струга,Делогожди,Базилика „Св. Илија“
Струга,Калишта,Црква „Св. Богородица“ со Калишки манастир
Струга,Корошишта,Латинска Црква
Струга,Октиси,Археолошко наоѓалиште „Вајтос“
Струга,Октиси,Црква „Св. Никола“ и комплексот на ранохристијанската базилика
Струга,Радолишта,Цигански Гроб
Струга,Струга,Амам „Мустафа Челеби“
Струга,Струга,Теќе „Халвети“
Струга,Струга,Куќа на ул. „Гоце Делчев“ бр. 33
Струга,Струга,Куќа на ул. „Гоце Делчев“ бр. 60
Струга,Струга,Куќа на ул. „Гоце Делчев“ бр. 82
Струга,Струга,Куќа на ул. „Гоце Делчев“ бр. 84
Струга,Струга,Куќа на Каневчеви
Струга,Струга,Спомен-галерија „Вангел Коџоман“
Струга,Струга,Куќа на ул. „Браќа Миладиновци“ бр. 30
Струга,Струга,Куќа на ул. „Браќа Миладиновци“ бр. 32
Струга,Струга,Куќа на Карамитре
Струга,Струга,Куќа на ул. „Димче Кошарко“ бр. 42
Струга,Струга,Џамија „Мустафа Челеби“
Струга,Струга,Куќа на ул. „Цар Самоил“ бр. 44 и 46
Струга,Струга,Спомен-дом на Браќа Миладиновци
Струга,Струга,Управна зграда на Националниот музеј „Д-р Никола Незлобински“
Струга,Струга,Зграда на Народна одбрана
Струга,Струга,Образовен комплекс на ул. „Партизанска“ бр. 4 (Стара зграда на ОУ „Браќа Миладиновци“ и Зграда на Министерството за образование)
Струмица,Вељуса,Вељушки манастир
Струмица,Вељуса,Куќа на Пееви
Струмица,Вељуса,Куќа бр. 228
Струмица,Вељуса,Куќа бр. 261
Струмица,Водоча,Водочки манастир
Струмица,Струмица,Црква „Св. Петнаесет тивериополски маченици“
Струмица,Струмица,Дуќан на ул. „Маршал Тито“ бр. 1
Струмица,Струмица,Дуќан на ул. „Маршал Тито“ бр. 3
Струмица,Струмица,Дуќан на ул. „Маршал Тито“ бр. 5
Струмица,Струмица,Дуќан на ул. „Маршал Тито“ бр. 6
Струмица,Струмица,Дуќан на ул. „Маршал Тито“ бр. 7
Струмица,Струмица,Дуќан на ул. „Маршал Тито“ бр. 9
Струмица,Струмица,Дуќан на ул. „Маршал Тито“ бр. 10
Струмица,Струмица,Дуќан на ул. „Маршал Тито“ бр. 11
Струмица,Струмица,Дуќан на ул. „Маршал Тито“ бр. 12
Струмица,Струмица,Дуќан на ул. „Маршал Тито“ бр. 13
Струмица,Струмица,Дуќан на ул. „Маршал Тито“ бр. 14
Струмица,Струмица,Дуќан на ул. „Маршал Тито“ бр. 15
Струмица,Струмица,Дуќан на ул. „Маршал Тито“ бр. 16
Струмица,Струмица,Дуќан на ул. „Маршал Тито“ бр. 17
Струмица,Струмица,Дуќан на ул. „Маршал Тито“ бр. 18
Струмица,Струмица,Дуќан на ул. „Маршал Тито“ бр. 20
Струмица,Струмица,Дуќан на ул. „Маршал Тито“ бр. 21
Струмица,Струмица,Дуќан на ул. „Маршал Тито“ бр. 22
Струмица,Струмица,Дуќан на ул. „Маршал Тито“ бр. 23
Струмица,Струмица,Дуќан на ул. „Маршал Тито“ бр. 23а
Струмица,Струмица,Дуќан на ул. „Маршал Тито“ бр. 24
Струмица,Струмица,Дуќан на ул. „Маршал Тито“ бр. 25б
Струмица,Струмица,Дуќан на ул. „Маршал Тито“ бр. 25в
Струмица,Струмица,Дуќан на ул. „Маршал Тито“ бр. 26
Струмица,Струмица,Дуќан на ул. „Маршал Тито“ бр. 27
Струмица,Струмица,Дуќан на ул. „Маршал Тито“ бр. 28
Струмица,Струмица,Дуќан на ул. „Маршал Тито“ бр. 28б
Струмица,Струмица,Дуќан на ул. „Маршал Тито“ бр. 30
Струмица,Струмица,Дуќан на ул. „Маршал Тито“ бр. 31
Струмица,Струмица,Дуќан на ул. „Маршал Тито“ бр. 32
Струмица,Струмица,Дуќан на ул. „Маршал Тито“ бр. 34
Струмица,Струмица,Дуќан на ул. „Маршал Тито“ бр. 36
Струмица,Струмица,Дуќан на ул. „Маршал Тито“ бр. 38
Струмица,Струмица,Дуќан на ул. „Маршал Тито“ бр. 40
Струмица,Струмица,Струмичко кале
Струмица,Струмица,Археолошко наоѓалиште „Марково Кале“
Струмица,Струмица,Археолошко наоѓалиште „Кула“
Струмица,Струмица,Стара турска пошта
Струмица,Струмица,Куќа на ул. „Тошо Арсов“ бр. 23
Струмица,Струмица,Куќа на ул. „Тодор Чучков“ бр. 8
Струмица,Струмица,Куќа на ул. „Тодор Чучков“ бр. 10
Струмица,Струмица,Куќа на ул. „Тодор Чучков“ бр. 14
Струмица,Струмица,Куќа на ул. „Тодор Чучков“ бр. 16
Струмица,Струмица,Куќа на ул. „Кирил и Методиј“ бр. 41
Струмица,Струмица,Куќа на ул. „Кирил и Методиј“ бр. 59 - 61
Струмица,Струмица,Куќа на ул. „Кирил и Методиј“ бр. 65
Струмица,Струмица,Куќа на ул. „Кирил и Методиј“ бр. 73
Струмица,Струмица,Куќа на ул. „Први мај“ бр. 1
Струмица,Струмица,Куќа на ул. „Ванчо Прке“ бр. 2
Струмица,Струмица,Куќа на ул. „Страшо Пинџур“ бр. 1
Струмица,Струмица,Зејни-бегов конак
Струмица,Струмица,Зграда на Општина Струмица
Струмица,Струмица,Хотел „Српски крал“
Струмица,Струмица,Црква „Св. Кирил и Методиј“
Струмица,Струмица,Орта џамија
Струмица,Струмица,Археолошко наоѓалиште „Мачук“
Струмица,Струмица,Струмичка чаршија
Струмица,Струмица,Стар театар „Антон Панов“
Струмица,Струмица,Библиотека „Благој Јанков - Мучето“
Струмица,Струмица,Завод за заштита на спомениците на културата и Музеј во Струмица
Струмица,Струмица,Спомен-дом на култура „Благој Јанков Мучето“
Студеничани,Горно Количани,Старо училиште
Студеничани,Маркова Сушица,Црква „Св. Никола Николимуки“[б 1]
Студеничани,Маркова Сушица,Марков манастир
Теарце,Лешок,Археолошко наоѓалиште „Два Бреста“
Теарце,Лешок,Археолошко наоѓалиште „Лешочко Кале“
Теарце,Лешок,Археолошко наоѓалиште „Црници“
Теарце,Лешок,Гроб на Кирил Пејчиновиќ
Теарце,Слатино,Археолошко наоѓалиште „Долги Грм“
Тетово,Тетово,Чифте амам
Тетово,Тетово,Тетовско кале
Тетово,Тетово,Куќа на ул. „Кузман Јосифовски-Питу“ бр. 130
Тетово,Тетово,Куќа на ул. „Гоце Делчев“ бр. 93
Тетово,Тетово,Куќа на ул. „Браќа Миладинови“ бр. 93
Тетово,Тетово,Куќа на ул. „Браќа Миладинови“ бр. 111
Тетово,Тетово,Куќа на ул. „Браќа Миладинови“ бр. 164
Тетово,Тетово,Куќа на ул. „Браќа Миладинови“ бр. 166
Тетово,Тетово,Куќа на Јовановци
Тетово,Тетово,Спомен-куќа на Ѓоце Стојчевски
Тетово,Тетово,Камен мост
Тетово,Тетово,Арабати баба-теќе
Тетово,Тетово,Шарена џамија
Тетово,Тетово,Алимбегова куќа
Тетово,Џепчиште,Археолошко наоѓалиште „Латинска Црква“
Центар,Горенци,Горенички мост
Центар,Коџаџик,Меморијален центар „Коџаџик“
Чашка,Горно Врановци,Спомен-куќа на Президиумот на АСНОМ
Чашка,Горно Врановци,Спомен-печатница на Главниот Штаб
Чашка,Горно Врановци,Спомен-куќа на Централниот Комитет
Чашка,Горно Врановци,Џамија
Чашка,Горно Врановци,селото како целина
Чашка,Богомила,Спомен-куќа на Петар Поп Арсов
Чучер-Сандево,Бразда,Бразданска гробница
Чучер-Сандево,Бразда,Монументална раноантичка гробница
Чучер-Сандево,Горњане,Црква „Св. Никита“
Чучер-Сандево,Кучевиште,Кучевишки манастир
Чучер-Сандево,Побожје,Побошки манастир
Чучер-Сандево,Чучер-Сандево,Куќа на Александар Урдаревски-Станко
Чучер-Сандево,Чучер-Сандево,Споменик на Александар Урдаревски-Станко
Штип,Ново Село,Ново Село (градителска целина)
Штип,Ново Село,Новоселско училиште
Штип,Ново Село,Куќа на ул. „Никола Карев“ бр. 2
Штип,Ново Село,Куќа на ул. „Крсте Мисирков“ бр. 6
Штип,Ново Село,Куќа на ул. „Крсте Мисирков“ бр. 8
Штип,Ново Село,Куќа на ул. „Крсте Мисирков“ бр. 12
Штип,Ново Село,Куќа на ул. „Крсте Мисирков“ бр. 14
Штип,Ново Село,Куќа на ул. „Крсте Мисирков“ бр. 26
Штип,Ново Село,Куќа на ул. „Крсте Мисирков“ бр. 34
Штип,Ново Село,Куќа на ул. „Крсте Мисирков“ бр. 45
Штип,Ново Село,Куќа на ул. „Крсте Мисирков“ бр. 67
Штип,Ново Село,Куќа на ул. „Крсте Мисирков“ бр. 69
Штип,Стар Караорман,Археолошко наоѓалиште „Балабаница“
Штип,Стар Караорман,Археолошко наоѓалиште „Крушки“
Штип,Стар Караорман,Археолошко наоѓалиште „Орлови Чуки“
Штип,Штип,Штипска тврдина
Штип,Штип,Штипски безистен
Штип,Штип,Куќа на Михајло Апостолски
Штип,Штип,Куќа на Славчо Стојменски
Штип,Штип,Куќа на Ванчо Прќе
Штип,Штип,Куќа на ул. „Страшо Пинџур“ бр. 15
Штип,Штип,Куќа на ул. „Љубен Иванов“ бр. 11
Штип,Штип,Куќа на ул. „Маршал Тито“ бр. 2
Штип,Штип,Куќа на ул. Маршал Тито бр. 18
Штип,Штип,Куќа на ул. Маршал Тито бр. 20
Штип,Штип,Зграда на Хотел Гарни
Штип,Штип,Куќа на ул. „Тошо Арсов“ бр. 2
Штип,Штип,Куќа на ул. „Тошо Арсов“ бр. 4
Штип,Штип,Куќа на ул. „Тошо Арсов“ бр. 8
Штип,Штип,Куќа на ул. „Тошо Арсов“ бр. 62
Штип,Штип,Куќа на ул. „Тошо Арсов“ бр. 68
Штип,Штип,Магаза на ул. „Иво Рибар Лола“ бр. 54
Штип,Штип,Објект на ул. Гоце Делчев бр. 3
Штип,Штип,Објект на ул. Гоце Делчев бр. 7
Штип,Штип,Објект на ул. Гоце Делчев бр. 31
Штип,Штип,Објект на ул. Гоце Делчев бр. 33
Штип,Штип,Објект на ул. Гоце Делчев бр. 41
Штип,Штип,Објект на ул. Гоце Делчев бр. 45
Штип,Штип,Објект на ул. Гоце Делчев бр. 55
Штип,Штип,Објект на ул. Гоце Делчев бр. 57
Штип,Штип,Емир Ќучук Султанов мост
Штип,Штип,Црква „Св. Архангел Михаил Главатов“
Штип,Штип,Црква „Св. Јован Крстител“
Штип,Штип,Црква „Св. Архангел Михаил - Фитијата“
Штип,Штип,Џамија Хусамедин Паша
Штип,Штип,Административна зграда - банка
Штип,Штип,Митрополија на Брегалничката епархија
Штип,Штип,Универзитетска библиотека „Гоце Делчев“
Културно,Културно наследство во Град Скопје,Културно наследство во Град Скопје
Бутел,Визбегово,Скопски аквадукт
Бутел,Љубанци,Љубански манастир
Гази,Булачани,Археолошко наоѓалиште „Турски Гробишта“
Гази,Гази Баба,Турбе на кралската ќерка
Гази,Гази Баба,Чешма на улица „Челопек“
Гази,Гази Баба,Турбе на Ашик Челеби
Ѓорче,Орман,Археолошко наоѓалиште „Брест“
Карпош,Бардовци,Хавзипашини конаци
Карпош,Злокуќани,Археолошко наоѓалиште „Скупи“
Карпош,Козле,Куќа на ул. „Кнез Хацон“ бр. 2
Карпош,Козле,Спомен-гробница на Кузман Јосифовски-Питу
Карпош,Тафталиџе 2,Зграда на ДАРМ - Одделение Скопје
Кисела,Драчево,Археолошко наоѓалиште „Пеленица“
Кисела,Кисела Вода,Куќа на ул. „Ѓорѓи Димитров“ бр. 37
Кисела,Кисела Вода,Куќа на ул. „Првомајска“ бр. 41
Сарај,Глумово,Спомен-гробница на паднатите борци
Сарај,Матка,Црква „Св. Андреја“
Сарај,Сарај,Хусеин-шахова џамија
Сарај,Шишево,Шишевски манастир
Центар,Скопје,Даут-пашин амам
Центар,Скопје,Градска болница
Центар,Скопје,Стара железничка станица
Центар,Дебар Маало,Зграда на бул. „Илинден“ бр. 41
Центар,Дебар Маало,Куќа на бул. „Илинден“ бр. 53
Центар,Дебар Маало,Зграда на бул. „Илинден“ бр. 63
Центар,Дебар Маало,Зграда на бул. „Илинден“ бр. 68
Центар,Дебар Маало,Зграда на бул. „Илинден“ бр. 80
Центар,Скопје,Куќа на ул. „Славеј Планина“ бр. 2
Центар,Маџир Маало,Куќа на ул. „Охридска“ бр. 4
Центар,Центар,Куќа на ул. „8 Ударна Бригада“ бр. 22
Центар,Скопје,Куќа на ул. „150“ бр. 15
Центар,Центар,Ристиќева палата
Центар,Скопје,Куќа на ул. „Пајкова“ бр. 2
Центар,Скопје,Споменик на паднатите борци
Центар,Дебар Маало,Споменик на Гоце Делчев
Центар,Центар,Феудална кула
Центар,Скопје,Скопско Кале
Центар,Скопје,Адем баба-теќе
Центар,Скопје,Црква „Св. Димитар“
Центар,Скопје,Џамија Кебир Мехмед Челеби
Центар,Скопје,Кури чешма
Центар,Скопје,Чешма на улица „110“
Центар,Скопје,Чешма кај Стара нова бања
Центар,Дебар Маало,Зграда на ул. „Орце Николов“ бр. 83а
Центар,Дебар Маало,Зграда на ул. „Орце Николов“ бр. 88
Центар,Дебар Маало,Зграда на ул. „Орце Николов“ бр. 108
Центар,Дебар Маало,Зграда на ул. „Орце Николов“ бр. 109
Центар,Дебар Маало,Зграда на ул. „Орце Николов“ бр. 115
Центар,Дебар Маало,Зграда на ул. „Ѓуро Ѓаковиќ“ бр. 61
Центар,Дебар Маало,Зграда на ул. „Кукушка“ бр. 17
Центар,Дебар Маало,Зграда на ул. „Аминта Трети“ бр. 17
Центар,Дебар Маало,Зграда на ул. „Наум Наумовски - Борче“ бр. 82
Центар,Дебар Маало,Зграда на ул. „Наум Наумовски - Борче“ бр. 88
Центар,Дебар Маало,Зграда на ул. „Раде Кончар“ („Живко Чинго“/„Боемска“) бр. 4
Центар,Дебар Маало,Зграда на Ташковиќ
Центар,Дебар Маало,Зграда на Кубеш
Центар,Скопје,Зграда на кеј „Димитар Влахов“ бр. 19
Центар,Центар,Главна зграда на Македонска пошта
Центар,Скопје,Зграда на Музејот на македонската борба
Центар,Скопје,Зграда на Националната и универзитетска библиотека „Св. Климент Охридски“
Центар,Скопје,Стара зграда на Државниот архив на Република Македонија
Центар,Скопје,Зграда на Институтот за македонски јазик „Крсте Мисирков“
Центар,Скопје,Спомен-куќа на Мајка Тереза
Центар,Дебар Маало,Зграда на Градската библиотека „Браќа Миладиновци“
Центар,Скопје,Зграда на „Вардар филм“
Центар,Скопје,Зграда на Музејот на современата уметност
Центар,Скопје,Спомен-куќа на Лазар Личеноски
Центар,Скопје,Скопска чаршија
Чаир,Скопје,Стара нова бања
Чаир,Скопје,Остатоци од амам кај Јахја-пашината џамија
Чаир,Скопје,Ѓулчилер амам
Чаир,Скопје,Куќа на ул. „Севастополска“ бр. 5
Чаир,Скопје,Сули ан
Чаир,Скопје,Капан ан
Чаир,Скопје,Безистен
Чаир,Скопје,Куќа на ул. „178-Битпазарска“ бр. 20
Чаир,Скопје,Комплекс на Турбе на Јигит-паша и Турбе на Шејх Медах баба
Чаир,Скопје,Вилаетски конак „Уќумат“
Чаир,Скопје,Руфаиско теќе
Чаир,Скопје,Џамија Худаверди
Чаир,Скопје,Џамија Хаџи Балабан
Чаир,Скопје,Џамија Дуќанџик
Чаир,Скопје,Иса-бегова џамија
Чаир,Скопје,Мурат-пашина џамија
Чаир,Скопје,Алаџа џамија
Чаир,Скопје,Јахја-пашина џамија
Чаир,Скопје,Султан-муратова џамија
Чаир,Скопје,Мустафа-пашина џамија
Чаир,Скопје,Турбе на Исхак-бег
Чаир,Скопје,Турбе на Шејх Медах-баба
Чаир,Скопје,Зграда на Музејот на Македонија
Чаир,Скопје,Соук чешма
Чаир,Скопје,Топанска чешма
Чаир,Гази Баба,Куќа на ул. „Јајце“ бр. 146
Чаир,Скопје,Хатунџук џамија
Чаир,Скопје,Куќа на Јашар-бег
