Број,Општина,Населено место,Градба/место,Фотографија,Unnamed: 5
1,Берово (4),Берово,Куќа на ул. „Кочо Рацин“ бр. 9,,
2,Берово (4),Берово,Куќа на ул. „Кочо Рацин“ бр. 11,,
3,Берово (4),Берово,Манастир „Свети Архангел Михаил“,,
3,Берово (4),Берово,Куќа на ул. „Маршал Тито“ бр. 127,,
4,Битола (162),Битола,Стара битолска бања,,
5,Битола (162),Битола,Јени амам,,
6,Битола (162),Битола,Хераклеја Линкестис,,
7,Битола (162),Битола,Археолошко наоѓалиште „Хераклеја Линкестис“ – Вила Субурбана II – мозаик,,
8,Битола (162),Битола,Битолски безистен,,
9,Битола (162),Битола,Зандан куле,,
10,Битола (162),Битола,Библиотека „Климент Охридски“,,
11,Битола (162),Битола,СОУ „Јосип Броз-Тито“,,
12,Битола (162),Битола,Објект на Собранието на општина Битола на улица „Славко Лумбарко“ бр. 8,,
13,Битола (162),Битола,Објект на Собранието на општина Битола на улица „Кирил и Методиј“ бр. 6,,
14,Битола (162),Битола,Поранешен објект на Народниот музеј,,
15,Битола (162),Битола,Објект на Заводот за урбанизам,,
16,Битола (162),Битола,Куќа на бул. „Први мај“ бр. 21,,
17,Битола (162),Битола,Куќа на ул. „Христо Ботев“ бр. 7,,
18,Битола (162),Битола,Куќа на ул. „Климент Охридски“ бр. 37 и ул. „Пеце Матичевски“ бр. 31,,
19,Битола (162),Битола,Куќа на ул. „Пеце Матичевски“ бр. 32,,
20,Битола (162),Битола,Куќа на ул. „Пеце Матичевски“ бр. 38,,
21,Битола (162),Битола,Куќа на ул. „Климент Охридски“ бр. 108,,
22,Битола (162),Битола,Куќа на ул. „Стив Наумов“ бр. 80,,
23,Битола (162),Битола,Куќа на ул. „Томаки Димитровски“ бр. 24,,
24,Битола (162),Битола,Куќа на ул. „Широк сокак“ бр. 85,,
25,Битола (162),Битола,Куќа на ул. „Димитар Илиевски – Мурато“ бр. 1,,
26,Битола (162),Битола,Куќа на ул. „Пеце Матичевски“ бр. 57,,
27,Битола (162),Битола,Куќа на ул. „Пеце Матичевски“ бр. 53,,
28,Битола (162),Битола,Куќа на ул. „Пеце Матичевски“ бр. 22,,
29,Битола (162),Битола,Куќа на ул. „Пеце Матичевски“ бр. 19,,
30,Битола (162),Битола,Куќа на ул. „Пеце Матичевски“ бр. 17,,
31,Битола (162),Битола,Куќа на ул. „Пеце Матичевски“ бр. 44,,
32,Битола (162),Битола,Куќа на ул. „Пеце Матичевски“ бр. 42,,
33,Битола (162),Битола,Куќа на ул. „Кирил и Методиј“ бр. 22,,
34,Битола (162),Битола,Куќа на ул. „Кирил и Методиј“ бр. 33,,
35,Битола (162),Битола,Куќа на ул. „Климент Охридски“ бр. 22,,
36,Битола (162),Битола,Куќа на ул. „Климент Охридски“ бр. 35,,
37,Битола (162),Битола,Куќа на ул. „Климент Охридски“ бр. 102,,
38,Битола (162),Битола,Куќа на ул. „Христо Ботев“ бр. 30,,
39,Битола (162),Битола,Куќа на ул. „Стево Патако“ бр. 51,,
40,Битола (162),Битола,Куќа на ул. „Стево Патако“ бр. 35,,
41,Битола (162),Битола,Куќа на ул. „Климент Охридски“ бр. 94,,
42,Битола (162),Битола,Куќа на ул. „Климент Охридски“ бр. 96,,
43,Битола (162),Битола,Куќа на ул. „Климент Охридски“ бр. 98,,
44,Битола (162),Битола,Куќа на ул. „Климент Охридски“ бр. 100,,
45,Битола (162),Битола,Куќа на ул. „Рузвелт“ бр. 16,,
46,Битола (162),Битола,Куќа на ул. „Елпида Караманди“ бр. 4,,
47,Битола (162),Битола,Куќа на бул. „Први мај“ бр. 64,,
48,Битола (162),Битола,Куќа на ул. „Борка Левата“ бр. 6,,
49,Битола (162),Битола,Куќа на ул. „Широк сокак“ бр. 78,,
50,Битола (162),Битола,Куќа на ул. „11 октомври“ бр.,,
51,Битола (162),Битола,Куќа на ул. „Стево Патако“ бр. 8,,
52,Битола (162),Битола,Куќа на ул. „Караорман“ бр. 9,,
53,Битола (162),Битола,Куќа на ул. „Климент Охридски“ бр. 5,,
54,Битола (162),Битола,Куќа на ул. „Страшо Пинџур“ бр. 3,,
55,Битола (162),Битола,Куќа на ул. „Охридска“ бр. 100,,
56,Битола (162),Битола,Офицерски дом,,
57,Битола (162),Битола,Објект на Стопанска банка,,
58,Битола (162),Битола,Објект на ОК на СКМ,,
59,Битола (162),Битола,"Објект на поранешната касарна „Стив Наумов“, ул. „Партизанска“ и ул. „Климент Охридски“",,
60,Битола (162),Битола,Објект на Митрополијата,,
61,Битола (162),Битола,Објект на старата Општина,,
62,Битола (162),Битола,Куќа на ул. Пецо Божиновски” бр. 11 – Меморијален музеј „Стив Наумов“,,
63,Битола (162),Битола,Спомен-музеј на Гоце Делче,,
64,Битола (162),Битола,Основно училиште „Кирил и Методиј“,,
65,Битола (162),Битола,Спомен-чешма во дворот на поранешната богословија,,
66,Битола (162),Битола,Саат-кула,,
67,Битола (162),Битола,Старо градско јадро,,
68,Битола (162),Битола,Адвентистичка црква,,
69,Битола (162),Битола,Црква „Св. Димитриј“,,
70,Битола (162),Битола,Црква „Св. Богородица“,,
71,Битола (162),Битола,Битолска чаршија,,
72,Битола (162),Битола,Коџа-кади џамија,,
73,Битола (162),Битола,Хамза-бегова џамија,,
74,Битола (162),Битола,Ајдар-кади џамија,,
75,Битола (162),Битола,Јени џамија,,
76,Битола (162),Битола,Исак џамија,,
76,Битола (162),Битола,Дебој амам,200п,
77,Битола (162),Битола,Куќа на ул. „Широк сокак“ бр. 102 со спомен плоча за Милтон Манаки,,
78,Битола (162),Битола,Куќа на ул. „Далматинска“ бр. 18,,
79,Битола (162),Битола,Куќа на ул. „Славко Лумбарко“ бр. 6,,
80,Битола (162),Битола,Куќа на ул. „Широк сокак“ бр. 26,,
81,Битола (162),Битола,Куќа на ул. „Браќа Мингови“ бр. 5,,
82,Битола (162),Битола,Куќа на ул. „Кирил и Методи“ бр. 14,,
83,Битола (162),Битола,Куќа на ул. „Титов Велес“ бр. 3 и 5,,
84,Битола (162),Битола,Куќа на бул. „Први Мај“ бр. 179 и ул. „Браќа Мингови“,,
85,Битола (162),Битола,Куќа на бул. „Први Мај“ бр. 110,,
86,Битола (162),Битола,Куќа на бул. „Први Мај“ бр. 112,,
87,Битола (162),Битола,Куќа на ул. „Београдска“ бр. 8,,
88,Битола (162),Битола,Куќа на ул. „Трст“ бр. 3,,
89,Битола (162),Битола,Куќа на ул. „Никола Тесла“ бр. 86,,
90,Битола (162),Битола,Куќа на ул. „Београдска“ бр.21,,
91,Битола (162),Битола,Археолошко наоѓалиште „Гургур Тумба“,,
92,Битола (162),Битола,Куќа на ул. „Добривое Радосављевиќ“ бр. 3,,
93,Битола (162),Битола,Куќа на ул. „Добривое Радосављевиќ“ бр. 2,,
94,Битола (162),Битола,Куќа на ул. „Никола Тесла“ бр. 103,,
95,Битола (162),Битола,Амбиентална улица „Широк сокак“,,
96,Битола (162),Битола,Куќа на ул. „Широк сокак“ бр. 58,,
97,Битола (162),Битола,Куќа на ул. „Широк сокак“ бр. 56,,
98,Битола (162),Битола,Куќа на ул. „Широк сокак“ бр. 54,,
99,Битола (162),Битола,Куќа на ул. „Широк сокак“ бр. 42,,
100,Битола (162),Битола,Куќа на ул. „Широк сокак“ бр. 42-а,,
101,Битола (162),Битола,Куќа на ул. „Широк сокак“ бр. 44-а,,
102,Битола (162),Битола,Куќа на ул. „Широк сокак“ бр. 52,,
103,Битола (162),Битола,Куќа на ул. „Широк сокак“ бр. 48,,
104,Битола (162),Битола,Куќа на ул. „Широк сокак“ бр. 32,,
105,Битола (162),Битола,Куќа на ул. „Широк сокак“ бр. 34,,
106,Битола (162),Битола,Куќа на ул. „Широк сокак“ бр. 37,,
107,Битола (162),Битола,Куќа на ул. „Широк сокак“ бр. 46,,
108,Битола (162),Битола,Куќа на ул. „Широк сокак“ бр. 65,,
109,Битола (162),Битола,Куќа на ул. „Широк сокак“ бр. 28,,
110,Битола (162),Битола,Куќа на ул. „Широк сокак“ бр. 30,,
111,Битола (162),Битола,Куќа на ул. „Широк сокак“ бр. 42-б,,
112,Битола (162),Битола,Куќа на ул. „Широк сокак“ бр. 41,,
113,Битола (162),Битола,Куќа на ул. „Широк сокак“ бр. 49,,
114,Битола (162),Битола,Куќа на ул. „Широк сокак“ бр. 77,,
115,Битола (162),Битола,Куќа на ул. „Стерјо Георгиев“ бр. 40,,
116,Битола (162),Битола,Куќа на ул. „Широк сокак“ бр. 43,,
117,Битола (162),Битола,Куќа на бул. „Први Мај“ бр. 126 и 126-а,,
118,Битола (162),Битола,Куќа на ул. „Солунска“ бр. 268,,
119,Битола (162),Битола,Куќа на ул. „Солунска“ бр. 268,,
120,Битола (162),Битола,Куќа на бул. „Први Мај“ бр. 53,,
121,Битола (162),Битола,Куќа на ул. „Широк сокак“ бр. 111,,
122,Битола (162),Битола,Куќа на ул. „Широк сокак“ бр. 82,,
123,Битола (162),Битола,Магаза на ул. „27 март“ бр. 3 и ул. „Добривое Радосављевиќ“ бр. 4,,
124,Битола (162),Битола,Куќа на ул. „Широк сокак“ бр. 99,,
125,Битола (162),Битола,Куќа на ул. „Широк сокак“ бр. 97,,
126,Битола (162),Битола,Куќа на ул. „Широк сокак“ бр. 84-а,,
127,Битола (162),Битола,Куќа на ул. „Широк сокак“ бр. 88,,
128,Битола (162),Битола,Куќа на ул. „Широк сокак“ бр. 103,,
129,Битола (162),Битола,Куќа на ул. „Широк сокак“ бр. 105,,
130,Битола (162),Битола,Куќа на ул. „Широк сокак“ бр. 109,,
131,Битола (162),Битола,Куќа на ул. „Добривое Радосавњевиќ“ бр. 6,,
132,Битола (162),Битола,Станбен објект на ул. „Широк сокак“ бр. 67,,
133,Битола (162),Битола,Станбен објект на ул. „Широк сокак“ бр. 90,,
134,Битола (162),Битола,Станбен објект на ул. „Широк сокак“ бр. 61,,
135,Битола (162),Битола,Станбен објект на ул. „Широк сокак“ бр. 45,,
136,Битола (162),Битола,Станбен објект на ул. „Широк сокак“ бр. 6,,
137,Битола (162),Битола,Станбен објект на ул. „Рузвелтова“ бр. 26,,
138,Битола (162),Битола,Станбен објект на ул. „Рузвелтова“ бр. 7,,
139,Битола (162),Битола,Станбен објект на ул. „Рузвелтова“ бр. 24,,
140,Битола (162),Битола,Станбен објект на ул. „Славко Лумбарко“ бр. 3,,
140,Битола (162),Битола,Еврејски гробишта,,
140,Битола (162),Битола,Ислахане,,
141,Битола (162),Буково,Археолошко наоѓалиште „Тумба“,,
142,Битола (162),Велушина,Велушка Тумба,,
143,Битола (162),Велушина,Археолошко наоѓалиште „Света Богородица Пречиста“,,
144,Битола (162),Велушина,Црква „Успение на Пресвета Богородица“,,
145,Битола (162),Велушина,Манастир „Свети Ѓорѓи“,,
146,Битола (162),Гопеш,Црква „Свето Преображение“,,
147,Битола (162),Канино,Тумба,,
148,Битола (162),Крстоар,Манастир „Свети Христофор“,,
160,Битола (162),Маловиште,Куќа на Ванку на Папе,,
149,Битола (162),Маловиште,Рурална споменичка целина Маловиште,,
149,Битола (162),Породин,Тумба,,
150,Битола (162),Рамна,Раменска Тумба,,
151,Битола (162),Рамна,Раменска Грмада,,
152,Битола (162),Српци,Висои,,
153,Битола (162),Српци,Грамадиште,,
154,Битола (162),Трн,Тумба,,
155,Битола (162),Цапари,Црква „Св. Петка“,,
156,Битола (162),Оптичари,Тумба,,
157,Битола (162),Долно Егри,Тумба,,
158,Битола (162),Средно Егри,Лагитница,,
159,Битола (162),Средно Егри,Црква „Св. Архангел Михаил“,,
161,Битола (162),Стрежево,Кале,,
162,Брвеница (1),Челопек,Црква „Св. Никола“,,
163,Валандово (6),Валандово,Археолошко наоѓалиште „Стакина Чешма“,,
164,Валандово (6),Валандово,Археолошко наоѓалиште „Исар Кале“,,
165,Валандово (6),Градец,Археолошко наоѓалиште „Градиште“,,
166,Валандово (6),Дедели,Археолошко наоѓалиште „Каракуш“,,
167,Валандово (6),Марвинци,Исар,,
168,Валандово (6),Удово,Спомен-костурница,,
169,Василево (1),Требичино,Црква „Св. Петка“,,
170,Вевчани (11),Вевчани,"Костојчинов вир, валавица и воденица",,
171,Вевчани (11),Вевчани,Куќа на Коруновци,,
172,Вевчани (11),Вевчани,Куќа на Дуцкиновци,,
173,Вевчани (11),Вевчани,Куќа на Костојчиновци,,
174,Вевчани (11),Вевчани,Куќа на Ќитановци,,
175,Вевчани (11),Вевчани,Куќа на Пешиновци,,
176,Вевчани (11),Вевчани,Куќа на Плушковци,,
177,Вевчани (11),Вевчани,Куќа на Калајџиевци,,
178,Вевчани (11),Вевчани,Куќа на Гоговци,,
179,Вевчани (11),Вевчани,Куќа на Даскаловци,,
180,Вевчани (11),Вевчани,Куќа на Поповци,,
181,Велес (28),Велес,Партизански гробишта,,
182,Велес (28),Велес,Спомен-куќа на Васил Главинов,,
183,Велес (28),Велес,Спомен-костурница,,
184,Велес (28),Велес,Куќа на ул. „Јован Алабакот“ бр. 1,,
185,Велес (28),Велес,Куќа на Прнарови,,
186,Велес (28),Велес,Куќа на Тренчови,,
187,Велес (28),Велес,Куќа на Чокалови,,
188,Велес (28),Велес,Куќа на ул. „Јован Алабакот“ бр. 8,,
189,Велес (28),Велес,Куќа на Паунови,,
190,Велес (28),Велес,Куќа на ул. „Максим Горки“ бр. 73,,
191,Велес (28),Велес,Куќа на ул. „Петар Михов“ бр. 3,,
192,Велес (28),Велес,Куќа на ул. „Јордан Хаџи Константинов-Џинот“ бр. 7,,
193,Велес (28),Велес,Куќа на ул. „Владимир Назор“ бр. 34,,
194,Велес (28),Велес,Куќа на ул. „Коле Цветков“ бр. 15,,
195,Велес (28),Велес,Црква „Св. Ѓорѓи“,,
196,Велес (28),Велес,Црква „Св. Димитриј“,,
197,Велес (28),Велес,Црква „Св. Никола“,,
198,Велес (28),Велес,Црква „Св. Марко“,,
199,Велес (28),Велес,Црква „Св. Спас“,,
200,Велес (28),Велес,Црква „Св. Пантелејмон“,,
201,Велес (28),Велес,Саат-кула,,
202,Велес (28),Велес,Велешка тврдина,,
203,Велес (28),Велес,Фазил Ахмет-пашина џамија,,
204,Велес (28),Велес,Куќа на ул. „9 Ноември“ бр. 54,,
204,Велес (28),Велес,Куќа на ул. „9 Ноември“ бр. 30,,
204,Велес (28),Велес,Куќа на ул. „9 Ноември“ бр. 30,,
204,Велес (28),Велес,Варналиите,,
204,Велес (28),Црквино,Црква „Св. Ѓорѓи“,,
205,Виница (3),Виница,Виничко кале,,
206,Виница (3),Виница,Археолошко наоѓалиште „Горица“,,
207,Виница (3),Виница,Куќа на Ќазим-бег,,
208,Врапчиште (1),Врапчиште,Археолошко наоѓалиште „Градиште“,,
209,Гевгелија (20),Гевгелија,Археолошко наоѓалиште „Сува Река“,,
210,Гевгелија (20),Гевгелија,Археолошко наоѓалиште „Вардарски Рид“,,
211,Гевгелија (20),Гевгелија,Гевгелиски амам,,
212,Гевгелија (20),Гевгелија,ЖС „Гевгелија“,,
213,Гевгелија (20),Гевгелија,НУ Музеј - Гевгелија (Музеј „Митко Зафиров“),,
214,Гевгелија (20),Гевгелија,Куќа на ул. „Маршал Тито“ бр. 170,,
215,Гевгелија (20),Гевгелија,Андреев конак,,
216,Гевгелија (20),Гевгелија,Зграда на Библиотеката„Гоце Делчев“,,
217,Гевгелија (20),Гевгелија,Кангов конак,,
218,Гевгелија (20),Гевгелија,Зграда на Општина Гевгелија,,
219,Гевгелија (20),Гевгелија,Вила Тина,,
220,Гевгелија (20),Гевгелија,Гевгелиска чаршија,,
220,Гевгелија (20),Гевгелија,Градба на ул. „Маршал Тито“ бр. 97,,
220,Гевгелија (20),Гевгелија,Градба на ул. „7 Ноември“ бр. 2,,
221,Гевгелија (20),Конско,Училишна зграда,,
222,Гевгелија (20),Милетково,Археолошко наоѓалиште „Градишор/Мрамор“,,
223,Гевгелија (20),Прдејци,Археолошко наоѓалиште „Бистерна“,,
224,Гевгелија (20),Прдејци,Археолошко наоѓалиште „Ветка Црква“,,
225,Гевгелија (20),Смоквица,Црква „Св. Димитртиј“,,
226,Гевгелија (20),Смоквица,Агова чешма,,
227,Гостивар (32),Гостивар,Спомен-костурница,,
228,Гостивар (32),Гостивар,Куќа на ул. „Кочо Зази“ бр. 85,,
229,Гостивар (32),Гостивар,Куќа на ул. „Иво Рибар Лола“ бр. 80,,
230,Гостивар (32),Гостивар,Бегова куќа,,
231,Гостивар (32),Гостивар,Куќа на ул. „Слободан Поповски“ бр. 1,,
232,Гостивар (32),Гостивар,Саат-кула,,
232,Гостивар (32),Гостивар,Куќа на Канчески,,
232,Гостивар (32),Гостивар,Стара медреса,,
232,Гостивар (32),Гостивар,Црква „Св. Димитрија“,,
232,Гостивар (32),Гостивар,Црква „Св. Богородица“,,
232,Гостивар (32),Гостивар,Градски центар,,
231,Гостивар (32),Гостивар,Куќа на ул. „Страхиња Симоноски“ бр. 10,,
231,Гостивар (32),Гостивар,Куќа на ул. „29 Ноември“ бр. 2,,
231,Гостивар (32),Гостивар,Куќа на ул. „29 Ноември“ бр. 4,,
231,Гостивар (32),Гостивар,Куќа на ул. „29 Ноември“ бр. 6,,
231,Гостивар (32),Гостивар,Куќа на ул. „Слободан Пепоски“ бр. 46,,
231,Гостивар (32),Гостивар,Куќа на ул. „ЈНА“ бр. 65,,
231,Гостивар (32),Гостивар,Куќа на ул. „ЈНА“ бр. 72-80,,
231,Гостивар (32),Гостивар,Градба на ул. „ЈНА“ бр. 12 и 14,,
231,Гостивар (32),Гостивар,Градба на ул. „ЈНА“ бр. 16,,
231,Гостивар (32),Гостивар,Градба на ул. „ЈНА“ бр. 18,,
231,Гостивар (32),Гостивар,Градба на ул. „ЈНА“ бр. 57,,
231,Гостивар (32),Гостивар,Градба на ул. „ЈНА“ бр. 57,,
231,Гостивар (32),Гостивар,Градба на ул. „ЈНА“ бр. 82-88,,
231,Гостивар (32),Гостивар,Градба на ул. „Борис Кидрич“ бр. 2,,
231,Гостивар (32),Гостивар,Куќа на ул. „Борис Кидрич“ бр. 2,,
231,Гостивар (32),Гостивар,Куќа на ул. „Борис Кидрич“ бр. 7 и 9,,
231,Гостивар (32),Гостивар,Куќа на ул. „Борис Кидрич“ бр. 8,,
231,Гостивар (32),Гостивар,Куќа на ул. „Борис Кидрич“ бр. 11,,
233,Гостивар (32),Равен,Археолошко наоѓалиште „Кале“,,
233,Гостивар (32),Равен,Стара џамија,,
233,Гостивар (32),Симница,Стара џамија,,
234,Градско (3),Горно Чичево,Чичевски манастир,,
235,Градско (3),Градско,Стоби,,
236,Градско (3),Свеќани,Црква „Св. Атанасиј“,,
237,Дебар (15),Бањиште,Стари дебарски бањи,,
237,Дебар (15),Гари,Рурална целина Гари,,
238,Дебар (15),Дебар,Нов амам,,
239,Дебар (15),Дебар,Стар амам,,
241,Дебар (15),Дебар,Куќа на ул. „Петре Поповски“ бр. 9,,
242,Дебар (15),Дебар,Куќа на ул. „Лиман Каба“ бр. 22,,
242,Дебар (15),Дебар,Куќа на ул. „1 Мај“ бр. 43,,
244,Дебар (15),Дебар,Куќа на ул. „Братство–единство“ бр. 31,,
245,Дебар (15),Дебар,Куќа на ул. „Здравко Чочковски“ бр. 226,,
249,Дебар (15),Дебар,Црква „Св. Петка“,,
250,Дебар (15),Дебар,Инќар џамија,,
251,Дебар (15),Могорче,Елен Скок,,
251,Дебар (15),Рајчица,Црква „Св. Варвара“,,
252,Дебар (15),Рајчица,Црква „Св. Ѓорѓи“,,
253,Дебар (15),Џепиште,Археолошко наоѓалиште „Римска црква“,,
254,Дебрца (25),Белчишта,"Споменик на слободата, братството и единството на бригадите",,
255,Дебрца (25),Белчишта,Основно училиште,,
256,Дебрца (25),Белчишта,Куќа со спомен-плоча,,
257,Дебрца (25),Велмеј,Археолошко наоѓалиште „Горнополско Градиште“,,
257,Дебрца (25),Велмеј,Археолошко наоѓалиште „Кутлина“,,
258,Дебрца (25),Велмеј,Црква „Св. Богородица Пречиста Ќелија“,,
259,Дебрца (25),Врбјани,Црква „Св. Ѓорѓи“,,
260,Дебрца (25),Врбјани,Споменик на паднатите борци од НОБ,,
261,Дебрца (25),Годивје,Црква „Св. Ѓорѓи“,,
262,Дебрца (25),Горенци,Археолошко наоѓалиште „Требеништа-Сува Чешма“,,
262,Дебрца (25),Горенци,Археолошко наоѓалиште „Требенишка Некропола“,,
263,Дебрца (25),Горно Средоречие,Археолошко наоѓалиште „Зластрана“,,
264,Дебрца (25),Злести,Црква „Св. Богородица“,,
265,Дебрца (25),Издеглавје,Црква „Св. Никола“,,
266,Дебрца (25),Лешани,Црква „Сите Светители“,,
267,Дебрца (25),Лешани,Лешанска воденица,,
268,Дебрца (25),Оздолени,Црква „Св. Ѓорѓи“,,
267,Дебрца (25),Оровник,Римски бањи,,
269,Дебрца (25),Слатино,Основно училиште,,
270,Дебрца (25),Сливово,Спомен-чешма,,
270,Дебрца (25),Сливово,Спомен-плоча,,
271,Дебрца (25),Требеништа,Археолошко наоѓалиште „Требеништа“,,
272,Дебрца (25),Требеништа,Требенишко кале,,
273,Дебрца (25),Турје,Црква „Св. Богородица“,,
274,Дебрца (25),Црвена Вода,Основно училиште,,
275,Делчево (3),Драмче,Црква „Св. Архангел Михаил“,,
276,Делчево (3),Разловци,Црква „Св. Константин и Елена“,,
277,Делчево (3),Селник,Црква „Св. Петка“,,
278,Демир Капија (5),Демир Капија,Археолошки комплекс „Демир Капија“,,
,Демир Капија (5),,,,
,Демир Капија (5),,,,
,Демир Капија (5),,,,
279,Демир Капија (5),Демир Капија,Мелница „Бошава“,,
280,Демир Капија,ХЕЦ „Дошница“,,,
281,Демир Капија,Стопански комплекс „Винарска визба“,,,
281,Челевец,Кале - Стрезов Град,,,
282,Демир Хисар (12),Вирово,Вировски валавици,,
283,Демир Хисар (12),Жван,Жвански воденици,,
283,Демир Хисар (12),Жван,Топлички манастир,,
284,Демир Хисар (12),Жван,Црква „Св. Димитриј“,,
285,Демир Хисар (12),Жван,Црква „Св. Петка“,,
286,Демир Хисар (12),Железнец,Рурална целина,,
287,Демир Хисар (12),Журче,Амбар,,
288,Демир Хисар (12),Журче,Журчевски манастир,,
289,Демир Хисар (12),Обедник,Археолошки наоѓалиште „Влашки Гробишта“,,
290,Демир Хисар (12),Слепче,Црква „Св. Јован Претеча“,,
291,Демир Хисар (12),Слоештица,Црква „Св. Атанасиј“,,
292,Демир Хисар (12),Смилево,Историска целина,,
293,Дојран (5),Стар Дојран,Дојрански амам,,
294,Дојран (5),Стар Дојран,Саат-кула,,
295,Дојран (5),Стар Дојран,Црква „Св. Илија“,,
296,Дојран (5),Нов Дојран,Археолошки комплекс „Топлец“,,
295,Дојран (5),Фурка,Црква „Св. Пророк Илија“,,
297,Долнени (7),Дебреште,Археолошко наоѓалиште „Градиште“,,
298,Долнени (7),Житоше,Црква „Св. Атанасиј Житоечки“,,
299,Долнени (7),Зрзе,Зрзески манастир,,
300,Долнени (7),Зрзе,Црква „Св. Никола“,,
301,Долнени (7),Костинци,Црква „Рождество на Пресвета Богородица“,,
302,Долнени (7),Небрегово,Спомен-дом „Блаже Конески“,,
303,Долнени (7),Слепче,Црква „Св. Никола“,,
304,Желино (1),Желино,Желински мост,,
305,Зелениково (3),Градовци,Црква „Св. Ѓорѓи,,
306,Зелениково (3),Зелениково,Археолошко наоѓалиште „Слатина“,,
307,Зелениково (3),Таор,Археолошко наоѓалиште „Тули“,,
308,Зрновци (1),Мородвис,Морозвизд,,
309,Јегуновце (4),Беловиште,Археолошко наоѓалиште „Градиште“,,
310,Јегуновце (4),Орашје,Орашко Кале,,
311,Јегуновце (4),Сиричино,Црква „Св. Петка“,,
311,Јегуновце (4),Туденце,Археолошко наоѓалиште „Црквиште“,,
312,Кавадарци (11),Ваташа,Црква „Св. Никола“,,
313,Кавадарци (11),Ваташа,Спомен-куќа на Страшо Пинџур,,
314,Кавадарци (11),Ваташа,Споменик на дванаесетте ваташки младинци,,
315,Кавадарци (11),Дабниште,Црква „Успение на Пресвета Богородица“,,
316,Кавадарци (11),Драдња,Црква „Св. Никола“,,
317,Кавадарци (11),Дреново,Црква „Св. Богородица“,,
317,Кавадарци (11),Дреново,Археолошко наоѓалиште „Картозов Рид“,,
318,Кавадарци (11),Кавадарци,Маркова кула,,
319,Кавадарци (11),Кавадарци,[[Тиквеш (винарија)|Стара винарска визба „Тиквеш“],,
320,Кавадарци (11),Полошко,Црква „Св. Ѓорѓи“,,
321,Кавадарци (11),Ресава,Археолошко наоѓалиште „Градот“,,
322,Карбинци (13),Карбинци,Куќа на Дамбеви,,
323,Карбинци (13),Козјак,Баргала,,
324,Карбинци (13),Козјак,Археолошко наоѓалиште „Градот/Кале“,,
325,Карбинци (13),Козјак,Археолошко наоѓалиште „Селиште“,,
326,Карбинци (13),Козјак,Археолошко наоѓалиште „Бандера“,,
327,Карбинци (13),Козјак,Црква „Св. Ѓорѓи“,,
328,Карбинци (13),Крупиште,Археолошко наоѓалиште „Клетовник“,,
329,Карбинци (13),Крупиште,Базилика Крупиште,,
330,Карбинци (13),Крупиште,Црква „Св. Никола“,,
331,Карбинци (13),Крупиште,Црвена Црква,,
332,Карбинци (13),Радање,Мехмед-агина џамија,,
333,Карбинци (13),Таринци,Археолошко наоѓалиште „Вршник“,,
334,Карбинци (13),Таринци,Археолошко наоѓалиште „Крст“,,
335,Кичево (25),Кичево,Китино Кале,,
336,Кичево (25),Кичево,Палатиште,,
336,Кичево (25),Кичево,Спомен-костурница,,
337,Кичево (25),Кичево,Куќа на НОБ,,
338,Кичево (25),Кичево,Зграда на Музејот „Западна Македонија во НОБ“,,
339,Кичево (25),Кичево,Куќа на ул. „Маршал Тито“ бр. 58,,
340,Кичево (25),Кичево,Куќа на ул. „29 Ноември“ бр. 32,,
341,Кичево (25),Кичево,Куќа на ул. „Тане Целески“ бр. 19 и 21,,
342,Кичево (25),Кичево,Станбен објект на ул. „Јанко Михајловски“ бр. 11 и 13,,
343,Кичево (25),Кичево,Кичевска чаршија,,
344,Кичево (25),Лазаровци,Црква „Св. Ѓорѓи“,,
345,Кичево (25),Подвис,Стара училишна зграда,,
346,Кичево (25),Цер,Археолошко наоѓалиште „Црквиште/Зад Забел“,,
347,Кичево (25),Цер,Спомен-гробница на Христо Узунов,,
348,Кичево (25),Цер,Црква „Мицеви“,,
349,Кичево (25),Цер,Црква „Св. Никола“,,
350,Кичево (25),Цер,Црква „Св. Спас“,,
351,Кичево (25),Цер,Црква „Св. Петка“,,
352,Кичево (25),Манастирско Доленци,Кичевски манастир,,
353,Кичево (25),Јагол Доленци,Археолошко наоѓалиште „Суви Ливади“,,
354,Кичево (25),Миокази,Археолошко наоѓалиште „Градиште“,,
355,Кичево (25),Вранештица,Црква „Св. Илија“,,
356,Кичево (25),Вранештица,Црква „Св. Ѓорѓи“,,
357,Кичево (25),Длапкин Дол,Археолошко наоѓалиште „Чукаре“,,
358,Кичево (25),Длапкин Дол,Археолошко наоѓалиште „Св. Ѓорѓи“,,
359,Конче (1),Конче,Црква „Св. Стефан“,,
360,Кочани (4),Кочани,Средновековни кули,,
361,Кочани (4),Кочани,Саат-кула,,
362,Кочани (4),Кочани,Споменик на слободата,,
363,Кочани (4),Костин Дол,"Стопанска целина, стопански објекти на воден погон",,
364,Кратово (26),Коњух,Црква „Св. Ѓорѓи“,,
365,Кратово (26),Кратово,Симиќева кула,,
366,Кратово (26),Кратово,Саат кула,,
366,Кратово (26),Кратово,"Урнатини од 4 средновековни кули (Хаџи-Костова кула, Крстева кула, Еминбегова кула, Златкова кула)",,
,Кратово (26),,,,
,Кратово (26),,,,
,Кратово (26),,,,
371,Кратово (26),Кратово,Куќа на ул. „Јосиф Даскалов“ бр. 58,,
372,Кратово (26),Кратово,Куќа на ул. „Христијан Тодоровски – Карпош“ бр. 1,,
393,Кратово (26),Кратово,Соколова куќа,,
374,Кратово (26),Кратово,Куќа на ул. „Јосиф Даскалов“ бр. 56,,
375,Кратово (26),Кратово,Куќа на ул. „Јосиф Даскалов“ бр. 80,Не постои куќата; урната.,
376,Кратово (26),Кратово,Куќа на ул. „Јосиф Даскалов“ бр. 61,,
377,Кратово (26),Кратово,Куќа на ул. „Јосиф Даскалов“ бр. 59,,
378,Кратово (26),Кратово,Куќа на ул. „Јосиф Даскалов“ бр. 66,,
379,Кратово (26),Кратово,Куќа на ул. „Планинска“ бр. 17,,
380,Кратово (26),Кратово,Куќа на ул. „Глигор Пазавански“ бр. 17,,
381,Кратово (26),Кратово,Куќа на ул. „Глигор Пазавански“ бр. 22,,
382,Кратово (26),Кратово,Куќа на ул. „Гоце Делчев“ (или „Ѓуро Салај“) бр. 4,,
383,Кратово (26),Кратово,Куќа на ул. „Цветко Танев“,,
384,Кратово (26),Кратово,"Целина на средноковни мостови (Гровчански мост, Чаршиски мост, Јокширски мост Радин мост, Горен мост, Аргулички мост)",,
,Кратово (26),,,,
,Кратово (26),,,,
,Кратово (26),,,,
384,Кратово (26),Кратово,Гровчански мост,,
389,Кратово (26),Кратово,Аргулички мост,,
390,Кратово,Ајдучка чаршија,,,
391,Кратово,Стар ан,,,
392,Кратово,Црква „Св. Јован Крстител“,,,
392,Кратово,Старо градско јадро,,,
394,Шлегово,Камени споменици околу гробјанската црква „Свети Никола“,,,
395,Шопско Рударе,Црква „Св. Никола“,,,
396,Крива Паланка (7),Варовиште,Осоговски манастир,,
399,Крива Паланка (7),Градец,Градиште,,
397,Крива Паланка (7),Дурачка Река,Валавици на Дурачка Река,,
398,Крива Паланка (7),Крива Паланка,Куќа на ул. „Никола Тесла“ бр. 13,,
400,Крива Паланка (7),Крива Паланка,Црква „Св. Димитриј“,,
399,Крива Паланка (7),Мождивњак,Црква „Св. Троица“,,
401,Крива Паланка (7),Трново,Црква „Св. Никола“,,
402,Крушево (50),Алданци,Археолошко наоѓалиште „Градиште“,,
403,Крушево (50),Белушино,Црква „Св. Никола“,,
404,Крушево (50),Бучин,Стар мост,,
405,Крушево (50),Крушево,Куќа на Никола Карев,,
406,Крушево (50),Крушево,Куќа на Крушевската Република,,
407,Крушево (50),Крушево,Работилница за оружје,,
408,Крушево (50),Крушево,Споменик „Илинден“,,
409,Крушево (50),Крушево,Куќа на ул. „Коча Миленку“ бр. 4,,
410,Крушево (50),Крушево,Куќа на ул. „Коча Миленку“ бр. 13,,
411,Крушево (50),Крушево,Куќа на ул. „Коча Миленку“ бр. 14,,
412,Крушево (50),Крушево,Куќа на ул. „Коча Миленку“ бр. 15,,
413,Крушево (50),Крушево,Куќа на ул. „Коча Миленку“ бр. 22,,
414,Крушево (50),Крушево,Куќа на ул. „Коча Миленку“ бр. 27,,
415,Крушево (50),Крушево,Куќа на ул. „Коча Миленку“ бр. 29,,
416,Крушево (50),Крушево,Куќа на ул. „Коча Миленку“ бр. 32,,
417,Крушево (50),Крушево,Куќа на ул. „Нико Доага“ бр. 52,,
418,Крушево (50),Крушево,Куќа на ул. „Нико Доага“ бр. 55,,
419,Крушево (50),Крушево,Куќа на ул. „Нико Доага“ бр. 56,,
420,Крушево (50),Крушево,Куќа на ул. „Нико Доагѓа“ бр. 65,,
421,Крушево (50),Крушево,Куќа на ул. „Нико Доага“ бр. 66,,
422,Крушево (50),Крушево,Куќа на ул. „Нико Доага“ бр. 67,,
423,Крушево (50),Крушево,Куќа на ул. „Нико Доага“ бр. 68,,
424,Крушево (50),Крушево,Куќа на ул. „Партизанска“ бр. 6,,
425,Крушево (50),Крушево,Куќа на ул. „Партизанска“ бр. 28,,
426,Крушево (50),Крушево,Куќа на ул. „Партизанска“ бр. 30,,
427,Крушево (50),Крушево,Куќа на ул. „Партизанска“ бр. 38,,
428,Крушево (50),Крушево,Куќа на ул. „Манчу Матак“ бр. 28,Нова градба на нејзино место; не постои,
429,Крушево (50),Крушево,Куќа на ул. „Манчу Матак“ бр. 32,Срушена градба; не постои,
430,Крушево (50),Крушево,Куќа на ул. „Манчу Матак“ бр. 34,,
431,Крушево (50),Крушево,Куќа на ул. „Тома Никле“ бр. 16,,
432,Крушево (50),Крушево,Куќа на ул. „Тома Никле“ бр. 18,,
433,Крушево (50),Крушево,Куќа на ул. „Илинденска“ бр. 100,,
434,Крушево (50),Крушево,Куќа на ул. „Илинденска“ бр. 101,,
435,Крушево (50),Крушево,Куќа на ул. „Таки Бербер“ бр. 16,,
436,Крушево (50),Крушево,Куќа на ул. „Таки Бербер“ бр. 17,,
437,Крушево (50),Крушево,Куќа на ул. „Питу Гули“ бр. 1,,
438,Крушево (50),Крушево,Куќа на ул. „Питу Гули“ бр. 29,,
439,Крушево (50),Крушево,Куќа на ул. „Благој Целев“ бр. 15,,
440,Крушево (50),Крушево,Куќа на ул. „Благој Целев“ бр. 25,,
441,Крушево (50),Крушево,Куќа на ул. „Благој Целев“ бр. 28,,
442,Крушево (50),Крушево,Куќа на ул. „Мише Ефтим“ бр. 63,,
443,Крушево (50),Крушево,Куќа на ул. „Никола Ѓурковиќ“ бр. 11,,
444,Крушево (50),Крушево,Куќа на ул. „Шула Мина“ бр. 34,,
445,Крушево (50),Крушево,Куќа на Градскиот народен комитет,,
446,Крушево (50),Крушево,Куќа на ул. „8 Септември“ бр. 23,,
447,Крушево (50),Крушево,Куќа на ул. „Мише Ефтим“ бр. 20,,
448,Крушево (50),Крушево,Иконостасот од црквата „Св. Јован Крстител“,,
449,Крушево (50),Крушево,Спомен-куќа на Тоше Проески,,
450,Крушево (50),Крушево,Дом на културата „Наум Наумовски – Борче“,,
451,Крушево (50),Крушево,Зграда на Музејот на НОВ,,
452,Куманово (11),Довезенце,Црква „Вознесение Христово“,,
453,Куманово (11),Куманово,Црква „Св. Никола“,,
454,Куманово (11),Куманово,Спомен-костурница,,
455,Куманово (11),Куманово,Куќа на ул. „Моша Пијаде“ бр. 138,,
456,Куманово (11),Куманово,Спомен-куќа на Христијан Тодоровски-Карпош,,
457,Куманово (11),Куманово,"Македонка, споменик на Револуцијата",,
458,Куманово (11),Куманово,Татар Синан Бег џамија,,
458,Куманово (11),Куманово,Занаечиски дом,,
458,Куманово (11),Куманово,Соколански дом,,
458,Куманово (11),Куманово,Хотел „Солун“,,
459,Куманово (11),Табановце,Џамија Коџа Мегмед Бег,,
460,Липково (2),Матејче,Жеглиговски манастир,,
461,Липково (2),Матејче,Црква „Св. Ѓорѓи“,,
462,Лозово (1),Ѓуземелци,Црква „Св. Ѓорѓи“,,
463,Маврово и Ростуше (78),Битуше,Куќа на партизанската печатница „Гоце Делчев“,,
464,Маврово и Ростуше (78),Галичник,Куќа на Партенија Зографски,,
465,Маврово и Ростуше (78),Галичник,Куќа на Ѓорѓија Пулевски,,
466,Маврово и Ростуше (78),Галичник,Куќа – сопственик Иљо Панговски/Ванковски,,
467,Маврово и Ростуше (78),Галичник,Куќа – сопственици Митре Ѓозински и Велимир Чанговски,,
468,Маврово и Ростуше (78),Галичник,Куќа – сопственик Иљо Ванковски,дупликат,
469,Маврово и Ростуше (78),Галичник,Куќа – сопственик Пејчин Томовски,,
470,Маврово и Ростуше (78),Галичник,Куќа – сопственици Иљо и Стрезо Цубалевски,,
471,Маврово и Ростуше (78),Галичник,Куќа – сопственик Велимир Ѓиновски,,
472,Маврово и Ростуше (78),Галичник,Куќа – сопственик Глигор Тулевски,,
473,Маврово и Ростуше (78),Галичник,Куќа – сопственици Милош и Динго Меловски,,
474,Маврово и Ростуше (78),Галичник,Куќа – сопственици Нико и Славко Филиповски,,
475,Маврово и Ростуше (78),Галичник,Куќа – сопственик Алекса Муратовски,,
476,Маврово и Ростуше (78),Галичник,Куќа – сопственик Трајче Чапаровски,,
477,Маврово и Ростуше (78),Галичник,Куќа – сопственик Митре Тортевски,,
478,Маврово и Ростуше (78),Галичник,Куќа – сопственик Мане Шулевски,,
479,Маврово и Ростуше (78),Галичник,Куќа – сопственик Косто Шаклевски,,
480,Маврово и Ростуше (78),Галичник,Куќа – сопственици Ристе и Блаже Меловски,,
481,Маврово и Ростуше (78),Галичник,Куќа – сопственик Симон Поповски,,
482,Маврово и Ростуше (78),Галичник,Куќа – сопственик Петре Лукановски,,
483,Маврово и Ростуше (78),Галичник,Куќа – сопственик Методија Секуловски,,
484,Маврово и Ростуше (78),Галичник,Куќа – сопственик Кузе Фрчковски,,
485,Маврово и Ростуше (78),Галичник,Куќа – сопственик Јаков Денковски,,
486,Маврово и Ростуше (78),Галичник,Куќа – сопственик Дамјан Голчевски,,
487,Маврово и Ростуше (78),Галичник,Куќа – сопственик Јаков Тримчески,,
488,Маврово и Ростуше (78),Галичник,Куќа – сопственик Ѓорѓи Чалчевски,,
489,Маврово и Ростуше (78),Галичник,Куќа – сопственици Василко и Трајан Крцковски,,
490,Маврово и Ростуше (78),Галичник,Куќа – сопственици Петре и Миле Желчевски,,
491,Маврово и Ростуше (78),Галичник,Куќа – сопственик Јосе Пљачковски,,
492,Маврово и Ростуше (78),Галичник,Куќа – сопственик Ристе Чоланчески,,
493,Маврово и Ростуше (78),Галичник,Куќа – сопственици Доксим и Ефто Чадловски,,
494,Маврово и Ростуше (78),Галичник,Куќа – сопственик Ѓорѓе Карановски,,
495,Маврово и Ростуше (78),Галичник,Куќа – сопственици Борис и Томо Бундалевски,,
496,Маврово и Ростуше (78),Галичник,Куќа – сопственик Иљо Филиповски,,
497,Маврово и Ростуше (78),Галичник,Куќа – сопственик Меле Граорковски,,
498,Маврово и Ростуше (78),Галичник,Куќа – сопственик Ристе Бужаровски,,
499,Маврово и Ростуше (78),Галичник,Куќа – сопственици Ристе и Никола Ванковски,,
500,Маврово и Ростуше (78),Галичник,Куќа – сопственик Кире Томовски,,
501,Маврово и Ростуше (78),Галичник,Куќа – сопственик Веле Ванковски,,
502,Маврово и Ростуше (78),Галичник,Куќа – сопственик Никола Николовски,,
503,Маврово и Ростуше (78),Галичник,Куќа – сопственици Ѓорѓи и Деспот Филиповски,,
504,Маврово и Ростуше (78),Галичник,Куќа – сопственици Ладе и Веле Лакински,,
505,Маврово и Ростуше (78),Галичник,Куќа – сопственици Јаков и Васе Бундовски,,
506,Маврово и Ростуше (78),Галичник,Куќа – сопственик Кире Крцковски,,
507,Маврово и Ростуше (78),Галичник,Куќа – сопственик Никола Куковски,,
508,Маврово и Ростуше (78),Галичник,Куќа – сопственик Доксе Лоновски,,
509,Маврово и Ростуше (78),Галичник,Куќа – сопственик Јован Муратовски,,
510,Маврово и Ростуше (78),Галичник,Куќа – сопственик Славко Брезовски,,
511,Маврово и Ростуше (78),Галичник,Куќа – сопственици Тодор и Русе Мицовски,,
512,Маврово и Ростуше (78),Галичник,Куќа – сопственици Меле и Ристе Куцуловски,,
513,Маврово и Ростуше (78),Галичник,Куќа – сопственик Павле Цинцаровски,,
514,Маврово и Ростуше (78),Галичник,Куќа – сопственик Динго Чаловски,,
515,Маврово и Ростуше (78),Галичник,Куќа – сопственици Борис и Трајче Филиповски,,
516,Маврово и Ростуше (78),Галичник,Куќа – сопственик Русе Геговски,,
517,Маврово и Ростуше (78),Галичник,Куќа – сопственик Тофе Кецкаровски,,
518,Маврово и Ростуше (78),Галичник,Куќа – сопственик Блаже Шотаровски,,
519,Маврово и Ростуше (78),Галичник,Куќа – сопственици Деспот и Мето Чаловски,,
520,Маврово и Ростуше (78),Галичник,Куќа – сопственици Кузе и Вељо Чаловски,,
521,Маврово и Ростуше (78),Галичник,Куќа – сопственик Стрезо Бундовски,,
522,Маврово и Ростуше (78),Галичник,Куќа – сопственик Јован Синокаповски,,
523,Маврово и Ростуше (78),Галичник,Галичник,,
524,Маврово и Ростуше (78),Јанче,Куќа – сопственик и корисник Јован Негриовски,,
525,Маврово и Ростуше (78),Јанче,Куќа – сопственик и корисник Илија Тортевски,,
526,Маврово и Ростуше (78),Јанче,Куќа – сопственик и корисник Биљали Амдија,,
527,Маврово и Ростуше (78),Јанче,Куќа – сопственик и корисник Осман Имери (Бојаџи),,
528,Маврово и Ростуше (78),Јанче,Куќа – сопственик и корисник Петко Деспотовски,,
529,Маврово и Ростуше (78),Јанче,Куќа – сопственик и корисник Лиман Суљоски,,
530,Маврово и Ростуше (78),Јанче,Куќа – сопственик и корисник Усни Амзовски и Шефкија Суљовски,,
531,Маврово и Ростуше (78),Јанче,Куќа – сопственик и корисник Лидија Лиман,,
532,Маврово и Ростуше (78),Кичиница,Кичиница,,
533,Маврово и Ростуше (78),Лазарополе,Црква „Св. Ѓорѓи“,,
534,Маврово и Ростуше (78),Никифорово,Археолошко наоѓалиште „Борче/Свети Пантелејмон“,,
535,Маврово и Ростуше (78),Ростуше,Бигорски манастир,,
536,Маврово и Ростуше (78),Ростуше,Куќа – сопственици Василко и Трајан Круковски,,
537,Маврово и Ростуше (78),Ростуше,Стара болница,,
538,Маврово и Ростуше (78),Селце,Црква „Св. Илија“,,
539,Маврово и Ростуше (78),Тресонче,Црква „Св. Петар и Павле“,,
540,Маврово и Ростуше (78),Тресонче,Црква „Св. Никола“,,
541,Македонски Брод (14),Белица,Црква „Св. Никола“,,
542,Македонски Брод (14),Бенче,Црква „Св. Архангел Михаил“,,
543,Македонски Брод (14),Брезница,Црква „Успение на Пресвета Богородица“,,
544,Македонски Брод (14),Здуње,Црква „Воведение на Пресвета Богородица“,,
545,Македонски Брод (14),Здуње,Црква „Св. Петар и Павле“,,
546,Македонски Брод (14),Ижиште,Црква „Св. Никола“,,
547,Македонски Брод (14),Ковач,Црква „Св. Атанасиј“,,
548,Македонски Брод (14),Македонски Брод,Црква „Света Богородица“,,
549,Македонски Брод (14),Модриште,Црква „Св. Атанасиј Велики“,,
550,Македонски Брод (14),Ореовец,Црква „Св. Архангел Гаврил“,,
551,Македонски Брод (14),Ореовец,Црква „Св. Никола“,,
550,Македонски Брод (14),Самоков,Црква „Св. Атанасиј“,,
550,Македонски Брод (14),Требино,Црква „Пресвета Богородица“,,
550,Македонски Брод (14),Требино,Црква „Св. Димитриј“,,
551,Могила (3),Беранци,Црквиште,,
552,Могила (3),Ивањевци,Археолошко наоѓалиште „Штала - Врбак“,,
552,Могила (3),Могила,Рековчанска Тумба,,
553,Неготино (3),Долни Дисан,Археолошко наоѓалиште „Два Гроба“,,
554,Неготино (3),Неготино,Саат-кула,,
555,Неготино (3),Неготино,Саат-кула,,
556,Новаци (4),Градешница,Црква „Св. Димитриј“,,
557,Новаци (4),Зовиќ,Археолошко наоѓалиште „Тумба Чебрен“,,
558,Новаци (4),Кајмакчалан,Црква „Св. Петар“,,
559,Новаци (4),Мегленци,Археолошко наоѓалиште „Мегленски Крст“,,
560,Ново Село (3),Барбарево,Археолошко наоѓалиште „Црвено Поле“,,
561,Ново Село (3),Борисово,Воденица за обработка на ориз,,
561,Ново Село (3),Ново Село,Воденица за обработка на ориз,,
562,Охрид (116),Велестово,Црква „Успение на Пресвета Богородица“,,
563,Охрид (116),Долно Лакочереј,Црква „Св. Еразмо“,,
564,Охрид (116),Долно Лакочереј,Археолошко наоѓалиште „Градиште“,,
565,Охрид (116),Коњско (Охридско),Црква „Св. Стефан Панцир“,,
565,Охрид (116),Косел,Споменик „Рашанец“,,
566,Охрид (116),Косел,Црква „Св. Никола“,,
567,Охрид (116),Косел,Археолошко наоѓалиште „Градиште“,,
568,Охрид (116),Куратица,Гробница на паднатите борци во НОБ,,
569,Охрид (116),Лескоец,Црква „Вознесение Христово“,,
570,Охрид (116),Љубаништа,Манастир „Св. Наум“,,
571,Охрид (116),Охрид,Воска амам,,
572,Охрид (116),Охрид,Ески амам,,
573,Охрид (116),Охрид,Антички театар,,
574,Охрид (116),Охрид,Археолошко наоѓалиште „Гробница-Видобишта“,,
575,Охрид (116),Охрид,Археолошко наоѓалиште „Козлук“,,
575,Охрид (116),Охрид,Археолошко наоѓалиште на ул. „Илинденска“ б.б.,,
577,Охрид (116),Охрид,"Хермелија („Габавци“, „Патерица“, „Амбарџица“)",,
578,Охрид (116),Охрид,Археолошко наоѓалиште „Свети Еразмо“,,
579,Охрид (116),Охрид,Археолошко наоѓалиште „Караѓулевци“,,
580,Охрид (116),Охрид,Галерија на икони,,
581,Охрид (116),Охрид,Гроб на Григор Прличев,,
582,Охрид (116),Охрид,Куќа на Христо Узунов,,
583,Охрид (116),Охрид,Спомен-могила на Славеј Планина,,
584,Охрид (116),Охрид,Куќа на Григор Прличев,,
585,Охрид (116),Охрид,Заедничка гробница на паднатите борци во НОБ,,
587,Охрид (116),Охрид,Куќа со спомен-плоча на ул. „Климентска“ бр. 75,,
588,Охрид (116),Охрид,Спомен-плоча на карпата кај „Баирот“,,
589,Охрид (116),Охрид,Дрво „Кочеџик“ во комплексот „Св. Климент“,,
590,Охрид (116),Охрид,Куќа на Кадри Шех,,
592,Охрид (116),Охрид,Куќа на Петруш Вангелов,,
593,Охрид (116),Охрид,Куќа на Фроса Тримчева,,
594,Охрид (116),Охрид,Куќа на Славка Џамбаз,,
595,Охрид (116),Охрид,Куќа на Арнаудови,,
597,Охрид (116),Охрид,Куќа на Талеви,,
598,Охрид (116),Охрид,Куќа на Бојаџиеви,,
599,Охрид (116),Охрид,Куќа на Димзови,,
600,Охрид (116),Охрид,Куќа на Климе Банде,,
601,Охрид (116),Охрид,Куќа на ул. „Маршал Толбухин“ бр. 2,,
605,Охрид (116),Охрид,Куќа на ул. „Свети Климент Охридски“ бр. 21,,
614,Охрид (116),Охрид,Куќа на Чаулеви,,
615,Охрид (116),Охрид,Куќа на Ајри Доко,,
618,Охрид (116),Охрид,Куќа на Робевци,,
602,Охрид (116),Охрид,Зграда на Радио Охрид,,
603,Охрид (116),Охрид,Магаза на Сулејман Хамди Џељо,,
604,Охрид (116),Охрид,Магаза на Адиљ,,
606,Охрид (116),Охрид,Магаза на Тилеви,,
607,Охрид (116),Охрид,Куќа на Љушеви,,
608,Охрид (116),Охрид,Куќа на Климент Талев,,
591,Охрид (116),Охрид,Куќа на Стефоски,,
609,Охрид (116),Охрид,Магаза на Голеви,,
610,Охрид (116),Охрид,Магаза на Симончеви,,
611,Охрид (116),Охрид,Куќа на Ѓинековци,,
612,Охрид (116),Охрид,Магаза на Кичеевци,,
613,Охрид (116),Охрид,Куќа на Стружанови,,
616,Охрид (116),Охрид,Куќа на ул. „Цар Самоил“ бр. 55,,
617,Охрид (116),Охрид,Куќа на ул. „Цар Самоил“ бр. 59,,
619,Охрид (116),Охрид,Куќа на Коле Котуше,,
620,Охрид (116),Охрид,Куќа на ул. „Страшо Пинџур“ бр. 2,,
621,Охрид (116),Охрид,Куќа на ул. „Страшо Пинџур“ бр. 20,,
622,Охрид (116),Охрид,Поранешна куќа на „Охридско лето“,,
623,Охрид (116),Охрид,Куќа на Групчеви,,
624,Охрид (116),Охрид,Куќа на Ѓурчинови,,
625,Охрид (116),Охрид,Куќа на Митрески,,
626,Охрид (116),Охрид,Куќа на ул. „7 Ноември“ бр. 3,,
627,Охрид (116),Охрид,Куќа на ул. „7 Ноември“ бр. 5,,
628,Охрид (116),Охрид,Куќа на Паунковци,,
629,Охрид (116),Охрид,Куќа на МАНУ,,
630,Охрид (116),Охрид,Магаза на Филипови,,
631,Охрид (116),Охрид,Куќа на Петанови,,
632,Охрид (116),Охрид,Куќа на Хаџиеви,,
633,Охрид (116),Охрид,Работничко училиште,,
634,Охрид (116),Охрид,Музеј на словенската писменост,,
635,Охрид (116),Охрид,Стар град,,
636,Охрид (116),Охрид,Саат-кула,,
637,Охрид (116),Охрид,Самуилова тврдина,,
638,Охрид (116),Охрид,Теќе „Зејнел Абедин-паша“,,
639,Охрид (116),Охрид,Турбе на Синан Челеби,,
640,Охрид (116),Охрид,Црква „Св. Климент и Пантелејмон“,,
641,Охрид (116),Охрид,Црква „Св. Богородица Челница“,,
642,Охрид (116),Охрид,Црква „Мали Свети Врачи“,,
643,Охрид (116),Охрид,Црква „Св. Димитриј“,,
644,Охрид (116),Охрид,Црква „Св. Богородица Болничка“,,
645,Охрид (116),Охрид,Црква „Св. Никола Болнички“,,
646,Охрид (116),Охрид,Црква „Пресвета Богородица Перивлептос“,,
647,Охрид (116),Охрид,Црква „Св. Климент Охридски“,,
648,Охрид (116),Охрид,Црква „Св. Јован Канео“,,
649,Охрид (116),Охрид,Црква „Св. Софија“,,
650,Охрид (116),Охрид,Црква „Св. Константин и Елена“,,
651,Охрид (116),Охрид,Црква „Св. Богородица Каменско“,,
652,Охрид (116),Охрид,Црква „Св. Никола Геракомија“,,
653,Охрид (116),Охрид,Црква „Св. Никола Арбанашки“,,
654,Охрид (116),Охрид,Црква „Св. Никола Чудотворец“,,
655,Охрид (116),Охрид,Алипашина џамија,,
656,Охрид (116),Охрид,Ајдарпашина џамија,,
657,Охрид (116),Охрид,Џамија на Хаџи Дургут,,
658,Охрид (116),Охрид,Џамија на Хаџи Хамза,,
658,Охрид (116),Охрид,Кулоглу џамија,,
658,Охрид (116),Охрид,Емин Махмуд џамија,,
658,Охрид (116),Охрид,Кешанли џамија,,
659,Охрид (116),Охрид,Охридско природно и културно-историско подрачје,,
660,Охрид (116),Охрид,Охридско Кале/Горни Сарај,,
659,Охрид (116),Охрид,Полинхонална ранохристијанска црква кај Имарет,,
663,Охрид (116),Охрид,Археолошко наоѓалиште „Плаошник“,,
661,Охрид (116),Охрид,Хотел „Палас“,,
664,Охрид (116),Охрид,Археолошко наоѓалиште „Св. 40 Севастиски Маченици“,,
662,Охрид (116),Охрид,Студенчишка базилика,,
665,Охрид (116),Охрид,Црква „Големи Свети Врачи“,,
666,Охрид (116),Охрид,Црква „Св. Георгиј“,,
667,Охрид (116),Охрид,Црква „Св. Никола“,,
576,Охрид (116),Охрид,Манчевци,,
596,Охрид (116),Охрид,Поранешно училиште „Свети Сава“,,
586,Охрид (116),Охрид,Спомен-плоча на паднатите професори и ученици во НОБ од охридската гимназија,,
669,Охрид (116),Пештани,Црква „Св. Богородица Пештанска“,,
670,Охрид (116),Пештани,Залив на Коските,,
671,Охрид (116),Трпејца,Црква „Св. Богородица“,,
672,Охрид (116),Шипокно,Црква „Св. Стефан“,,
673,Петровец (3),Бадар,Бадеријана,,
674,Петровец (3),Дивље,Црква „Успение на Пресвета Богородица“,,
675,Петровец (3),Летевци,Маркови Кули,,
676,Пехчево (2),Робово,Археолошко наоѓалиште „Мачевски Чуки“,,
677,Пехчево (2),Чифлик,Археолошко наоѓалиште „Село“,,
678,Пласница (1),Пласница,Црква „Св. Никола“,,
679,Прилеп (186),Бешиште,Чебренски манастир,,
680,Прилеп (186),Варош,Црква „Св. Никола“,,
681,Прилеп (186),Варош,Црква „Св. Димитриј“,,
682,Прилеп (186),Варош,Црква „Св. Атанасиј“,,
683,Прилеп (186),Варош,Црква „Воведение на Пресвета Богородица“,,
684,Прилеп (186),Варош,Црква „Св. Петар и Павле“,,
685,Прилеп (186),Варош,Црква „Св. Архангел Михаил“,,
686,Прилеп (186),Дабница,Трескавец,,
180,Прилеп (186),Загорани,Црква „Св. Никола“,,
687,Прилеп (186),Манастир,Мариовски манастир,,
688,Прилеп (186),Манастир,Црква „Св. Богородица“,,
689,Прилеп (186),Прилеп,Црква „Св. Благовештение“,,
690,Прилеп (186),Прилеп,Згради на Заводот за заштита на спомениците на културата и музеј – Прилеп,,
691,Прилеп (186),Прилеп,Амам,,
692,Прилеп (186),Прилеп,Турска бања,,
693,Прилеп (186),Прилеп,Куршумли ан,,
694,Прилеп (186),Прилеп,Комплекс Варош,,
695,Прилеп (186),Прилеп,Дуќан на ул. „Блаже Крсточанец“ бр. 1,,
696,Прилеп (186),Прилеп,Дуќан на ул. „Блаже Крсточанец“ бр. 2,,
697,Прилеп (186),Прилеп,Дуќан на ул. „Блаже Крсточанец“ бр. 3 - за налани,,
698,Прилеп (186),Прилеп,Дуќан на ул. „Блаже Крсточанец“ бр. 5,,
699,Прилеп (186),Прилеп,Дуќан на ул. „29 Ноември“ бр. 3,,
700,Прилеп (186),Прилеп,Дуќан на ул. „29 Ноември“ бр. 4,,
701,Прилеп (186),Прилеп,Дуќан на ул. „29 Ноември“ бр. 5,,
702,Прилеп (186),Прилеп,Дуќан на ул. „29 Ноември“ бр. 10,,
703,Прилеп (186),Прилеп,Дуќан на ул. „29 Ноември“ бр. 11,,
704,Прилеп (186),Прилеп,Дуќан на ул. „29 Ноември“ бр. 12,,
705,Прилеп (186),Прилеп,Дуќан на ул. „29 Ноември“ бр. 14,,
706,Прилеп (186),Прилеп,Дуќан на ул. „Рампе Стојаноски“ бр. 23,,
707,Прилеп (186),Прилеп,Дуќан на ул. „Рампе Стојаноски“ бр. 25,,
708,Прилеп (186),Прилеп,Дуќан на ул. „Борка Талески“ бр. 5,,
709,Прилеп (186),Прилеп,Дуќан на ул. „Борка Талески“ бр. 7,,
710,Прилеп (186),Прилеп,Дуќан на ул. „Борка Талески“ бр. 9,,
711,Прилеп (186),Прилеп,Дуќан на ул. „Борка Талески“ бр. 11,,
712,Прилеп (186),Прилеп,Дуќан на ул. „Борка Талески“ бр. 13,,
713,Прилеп (186),Прилеп,Дуќан на ул. „Борка Талески“ бр. 15,,
714,Прилеп (186),Прилеп,Дуќан на ул. „Борка Талески“ бр. 17,,
715,Прилеп (186),Прилеп,Дуќан на ул. „Борка Талески“ бр. 19 за трукерај,,
716,Прилеп (186),Прилеп,Дуќан на ул. „Борка Талески“ бр. 19 – касапница,,
717,Прилеп (186),Прилеп,Дуќан на ул. „Борка Талески“ бр. 21,,
718,Прилеп (186),Прилеп,Дуќан на ул. „Борка Талески“ бр. 23,,
719,Прилеп (186),Прилеп,Дуќан на ул. „Борка Талески“ бр. 23а,,
720,Прилеп (186),Прилеп,Дуќан на ул. „Борка Талески“ бр. 25,,
721,Прилеп (186),Прилеп,Дуќан на ул. „Борка Талески“ бр. 25а,,
722,Прилеп (186),Прилеп,Дуќан на ул. „Борка Талески“ бр. 27,,
723,Прилеп (186),Прилеп,Дуќан на ул. „Борка Талески“ бр. 33,,
724,Прилеп (186),Прилеп,Дуќан на ул. „Борка Талески“ бр. 35,,
725,Прилеп (186),Прилеп,Дуќан на ул. „Борка Талески“ бр. 37,,
726,Прилеп (186),Прилеп,Дуќан на ул. „Херој Карпош“ бр. 1,,
727,Прилеп (186),Прилеп,Дуќан на ул. „Херој Карпош“ бр. 3,,
728,Прилеп (186),Прилеп,Дуќан на ул. „Херој Карпош“ бр. 7,,
729,Прилеп (186),Прилеп,Дуќан на ул. „Херој Карпош“ бр. 13,,
730,Прилеп (186),Прилеп,Дуќан на ул. „Херој Карпош“ бр. 15,,
731,Прилеп (186),Прилеп,Дуќан на ул. „Херој Карпош“ бр. 17,,
732,Прилеп (186),Прилеп,Дуќан на ул. „Херој Карпош“ бр. 19,,
733,Прилеп (186),Прилеп,Дуќан на ул. „Херој Карпош“ бр. 21,,
734,Прилеп (186),Прилеп,Дуќан на ул. „Херој Карпош“ бр. 23,,
735,Прилеп (186),Прилеп,Дуќан на ул. „Херој Карпош“ бр. 27,,
736,Прилеп (186),Прилеп,Дуќан на ул. „Гоце Делчев“ бр. 7,,
737,Прилеп (186),Прилеп,Дуќан на ул. „Гоце Делчев“ бр. 9,,
738,Прилеп (186),Прилеп,Дуќан на ул. „Гоце Делчев“ бр. 11,,
739,Прилеп (186),Прилеп,Дуќан на ул. „Гоце Делчев“ бр. 13,,
740,Прилеп (186),Прилеп,Дуќан на ул. „Гоце Делчев“ бр. 15,,
741,Прилеп (186),Прилеп,Дуќан на ул. „Гоце Делчев“ бр. 16,,
742,Прилеп (186),Прилеп,Дуќан на ул. „Гоце Делчев“ бр. 17,,
743,Прилеп (186),Прилеп,Дуќан на ул. „Гоце Делчев“ бр. 18,,
744,Прилеп (186),Прилеп,Дуќан на ул. „Гоце Делчев“ бр. 19,,
745,Прилеп (186),Прилеп,Дуќан на ул. „Гоце Делчев“ бр. 20,,
746,Прилеп (186),Прилеп,Дуќан на ул. „Гоце Делчев“ бр. 21,,
747,Прилеп (186),Прилеп,Дуќан на ул. „Гоце Делчев“ бр. 22,,
748,Прилеп (186),Прилеп,Дуќан на ул. „Гоце Делчев“ бр. 23,,
749,Прилеп (186),Прилеп,Дуќан на ул. „Гоце Делчев“ бр. 24,,
750,Прилеп (186),Прилеп,Дуќан на ул. „Гоце Делчев“ бр. 30,,
751,Прилеп (186),Прилеп,Дуќан на ул. „Гоце Делчев“ бр. 32,,
752,Прилеп (186),Прилеп,Дуќан на ул. „Гоце Делчев“ бр. 34,,
753,Прилеп (186),Прилеп,Дуќан на ул. „Јане Сандански“ бр. 9,,
754,Прилеп (186),Прилеп,Дуќан на ул. „Јане Сандански“ бр. 12,,
755,Прилеп (186),Прилеп,Дуќан на ул. „Јане Сандански“ бр. 13,,
756,Прилеп (186),Прилеп,Дуќан на ул. „Јане Сандански“ бр. 14,,
757,Прилеп (186),Прилеп,Дуќан на ул. „Јане Сандански“ бр. 15,,
758,Прилеп (186),Прилеп,Дуќан на ул. „Јане Сандански“ бр. 16,,
759,Прилеп (186),Прилеп,Дуќан на ул. „Јане Сандански“ бр. 17,,
760,Прилеп (186),Прилеп,Дуќан на ул. „Јане Сандански“ бр. 19,,
761,Прилеп (186),Прилеп,Дуќан на ул. „Јане Сандански“ бр. 20,,
762,Прилеп (186),Прилеп,Дуќан на ул. „Јане Сандански“ бр. 21,,
763,Прилеп (186),Прилеп,Дуќан на ул. „Јане Сандански“ бр. 22,,
764,Прилеп (186),Прилеп,Дуќан на ул. „Јане Сандански“ бр. 23,,
765,Прилеп (186),Прилеп,Дуќан на ул. „Јане Сандански“ бр. 24,,
766,Прилеп (186),Прилеп,Дуќан на ул. „Јане Сандански“ бр. 25,,
767,Прилеп (186),Прилеп,Дуќан на ул. „Јане Сандански“ бр. 26,,
768,Прилеп (186),Прилеп,Дуќан на ул. „Јане Сандански“ бр. 27,,
769,Прилеп (186),Прилеп,Дуќан на ул. „Јане Сандански“ бр. 28,,
770,Прилеп (186),Прилеп,Дуќан на ул. „Јане Сандански“ бр. 29,,
771,Прилеп (186),Прилеп,Дуќан на ул. „Јане Сандански“ бр. 30,,
772,Прилеп (186),Прилеп,Дуќан на ул. „Орце Николов“ бр. 1,,
773,Прилеп (186),Прилеп,Дуќан на ул. „Орце Николов“ бр. 2,,
774,Прилеп (186),Прилеп,Дуќан на ул. „Орце Николов“ бр. 3,,
775,Прилеп (186),Прилеп,Дуќан на ул. „Орце Николов“ бр. 4,,
776,Прилеп (186),Прилеп,Дуќан на ул. „Орце Николов“ бр. 5,,
777,Прилеп (186),Прилеп,Дуќан на ул. „Орце Николов“ бр. 6,,
778,Прилеп (186),Прилеп,Дуќан на ул. „Орце Николов“ бр. 9,,
779,Прилеп (186),Прилеп,Дуќан на ул. „Орце Николов“ бр. 10,,
780,Прилеп (186),Прилеп,Дуќан на ул. „Орце Николов“ бр. 11,,
781,Прилеп (186),Прилеп,Дуќан на ул. „Орце Николов“ бр. 13,,
782,Прилеп (186),Прилеп,Дуќан на ул. „Орце Николов“ бр. 15,,
783,Прилеп (186),Прилеп,Дуќан на ул. „Караорман“ бр. 15,,
784,Прилеп (186),Прилеп,Дуќан на ул. „Караорман“ бр. 17,,
785,Прилеп (186),Прилеп,Дуќан на ул. „Караорман“ бр. 18,,
786,Прилеп (186),Прилеп,Дуќан на ул. „Караорман“ бр. 19,,
787,Прилеп (186),Прилеп,Дуќан на ул. „Караорман“ бр. 21,,
788,Прилеп (186),Прилеп,Дуќан на ул. „Караорман“ бр. 23,,
789,Прилеп (186),Прилеп,Дуќан на ул. „Караорман“ бр. 24,,
790,Прилеп (186),Прилеп,Дуќан на ул. „Караорман“ бр. 25,,
791,Прилеп (186),Прилеп,Дуќан на ул. „Караорман“ бр. 31,,
792,Прилеп (186),Прилеп,Дуќан на ул. „Караорман“ бр. 32,,
793,Прилеп (186),Прилеп,Дуќан на ул. „Караорман“ бр. 36,,
794,Прилеп (186),Прилеп,Дуќан на ул. „Караорман“ бр. 38,,
795,Прилеп (186),Прилеп,Дуќан на ул. „Лазо Попоски“ бр. 1,,
796,Прилеп (186),Прилеп,Дуќан на ул. „Лазо Попоски“ бр. 3,,
797,Прилеп (186),Прилеп,Дуќан на ул. „Лазо Попоски“ бр. 4,,
798,Прилеп (186),Прилеп,Дуќан на ул. „Лазо Попоски“ бр. 5,,
799,Прилеп (186),Прилеп,Дуќан на ул. „Лазо Попоски“ бр. 6,,
800,Прилеп (186),Прилеп,Дуќан на ул. „Лазо Попоски“ бр. 7,,
801,Прилеп (186),Прилеп,Дуќан на ул. „Лазо Попоски“ бр. 8,,
802,Прилеп (186),Прилеп,Дуќан на ул. „Лазо Попоски“ бр. 9,,
803,Прилеп (186),Прилеп,Дуќан на ул. „Лазо Попоски“ бр. 10,,
804,Прилеп (186),Прилеп,Дуќан на ул. „Лазо Попоски“ бр. 10/а,,
805,Прилеп (186),Прилеп,Дуќан на ул. „Лазо Попоски“ бр. 11,,
806,Прилеп (186),Прилеп,Дуќан на ул. „Лазо Попоски“ бр. 12,,
807,Прилеп (186),Прилеп,Дуќан на ул. „Лазо Попоски“ бр. 14,,
808,Прилеп (186),Прилеп,Дуќан на ул. „Лазо Попоски“ бр. 18,,
809,Прилеп (186),Прилеп,Дуќан на ул. „Лазо Попоски“ бр. 20,,
810,Прилеп (186),Прилеп,Дуќан на ул. „Лазо Попоски“ бр. 22,,
811,Прилеп (186),Прилеп,Дуќан на ул. „Стив Наумов“ бр. 2,,
812,Прилеп (186),Прилеп,Дуќан на ул. „Стив Наумов“ бр. 5,,
813,Прилеп (186),Прилеп,Дуќан на ул. „Стив Наумов“ бр. 6,,
814,Прилеп (186),Прилеп,Дуќан на ул. „Стив Наумов“ бр. 7,,
815,Прилеп (186),Прилеп,Дуќан на ул. „Стив Наумов“ бр. 8,,
816,Прилеп (186),Прилеп,Дуќан на ул. „Стив Наумов“ бр. 9,,
817,Прилеп (186),Прилеп,Дуќан на ул. „Стив Наумов“ бр. 11,,
818,Прилеп (186),Прилеп,Дуќан на ул. „Стив Наумов“ бр. 12,,
819,Прилеп (186),Прилеп,Дуќан на ул. „Стив Наумов“ бр. 12а,,
820,Прилеп (186),Прилеп,Дуќан на ул. „Стив Наумов“ бр. 14,,
821,Прилеп (186),Прилеп,Дуќан на ул. „Стив Наумов“ бр. 15,,
822,Прилеп (186),Прилеп,Дуќан на ул. „Стив Наумов“ бр. 18,,
823,Прилеп (186),Прилеп,Дуќан на ул. „Стив Наумов“ бр. 19,,
824,Прилеп (186),Прилеп,Дуќан на ул. „Стив Наумов“ бр. 21,,
825,Прилеп (186),Прилеп,Дуќан на ул. „Стив Наумов“ бр. 25,,
826,Прилеп (186),Прилеп,Дуќан на ул. „Цветан Димов“ бр. 2,,
827,Прилеп (186),Прилеп,Дуќан на ул. „Цветан Димов“ бр. 6,,
828,Прилеп (186),Прилеп,Дуќан на ул. „Цветан Димов“ бр. 6а,,
829,Прилеп (186),Прилеп,Дуќан на ул. „Илинденска“ бр. 31,,
830,Прилеп (186),Прилеп,Дуќан на ул. „Илинденска“ бр. 33,,
831,Прилеп (186),Прилеп,Дуќан на ул. „Илинденска“ бр. 35,,
832,Прилеп (186),Прилеп,Дуќан на ул. „Илинденска“ бр. 37 – продавница,,
833,Прилеп (186),Прилеп,Дуќан на ул. „Илинденска“ бр. 37 - фризерски салон,,
834,Прилеп (186),Прилеп,Дуќан на ул. „Илинденска“ бр. 39,,
835,Прилеп (186),Прилеп,Дуќан на ул. „Илинденска“ бр. 43,,
836,Прилеп (186),Прилеп,Дуќан на ул. „Илинденска“ бр. 45,,
837,Прилеп (186),Прилеп,Дуќан на ул. „Илинденска“ бр. 47,,
838,Прилеп (186),Прилеп,Дуќан на ул. „Илинденска“ бр. 48,,
839,Прилеп (186),Прилеп,Дуќан на ул. „Илинденска“ бр. 49,,
840,Прилеп (186),Прилеп,Дуќан на ул. „Илинденска“ бр. 50,,
841,Прилеп (186),Прилеп,Дуќан на ул. „Илинденска“ бр. 52,,
842,Прилеп (186),Прилеп,Дуќан на ул. „Илинденска“ бр. 54,,
843,Прилеп (186),Прилеп,Дуќан на ул. „Илинденска“ бр. 56,,
844,Прилеп (186),Прилеп,Дуќан на ул. „Илинденска“ бр. 58,,
845,Прилеп (186),Прилеп,Дуќан на ул. „Илинденска“ бр. 60,,
846,Прилеп (186),Прилеп,Дуќан на ул. „Илинденска“ бр. 62,,
847,Прилеп (186),Прилеп,Дуќан на ул. „Илинденска“ бр. 64,,
848,Прилеп (186),Прилеп,Дуќан на ул. „Илинденска“ бр. 66,,
849,Прилеп (186),Прилеп,Дуќан на ул. „Илинденска“ бр. 68,,
850,Прилеп (186),Прилеп,Дуќан на ул. „Илинденска“ бр. 70,,
851,Прилеп (186),Прилеп,Дуќан на ул. „Илинденска“ бр. 72,,
852,Прилеп (186),Прилеп,Дуќан на ул. „Илинденска“ бр. 74,,
853,Прилеп (186),Прилеп,Дуќан на ул. „Илинденска“ бр. 76,,
854,Прилеп (186),Прилеп,Дуќан на ул. „Илинденска“ бр. 78,,
855,Прилеп (186),Прилеп,Дуќан на ул. „Ленинова“ бр. 114,,
856,Прилеп (186),Прилеп,Куќа на Кузман Јосифоски – Питу,,
857,Прилеп (186),Прилеп,Могила на непобедените,,
858,Прилеп (186),Прилеп,Саат кула,,
859,Прилеп (186),Прилеп,Прилепска чаршија,,
860,Прилеп (186),Прилеп,Чарши џамија,,
861,Прилеп (186),Прилеп,Скршена џамија,,
862,Прилеп (186),Прилеп,Меморијален музеј „11 Октомври“,,
863,Прилеп (186),Прилеп,Маркови Кули,,
864,Чепигово,Археолошко наоѓалиште „Стибера“,,,
865,Пробиштип (4),Злетово,Црква „Св. Трифун“,,
866,Пробиштип (4),Злетово,Црква „Успение на Пресвета Богородица“,,
866,Пробиштип (4),Злетово,Црква „Св. Богородица Балаклија“,,
867,Пробиштип (4),Лесново,Лесновски манастир,,
868,Радовиш (4),Радовиш,Радовишко кале,,
869,Радовиш (4),Радовиш,Куќа на Ристо Консулов,"Куќата е срушена, на нејзино место се наоѓа станбен објект",
870,Радовиш (4),Радовиш,Црква „Св. Илија“,,
871,Радовиш (4),Радовиш,Радовишко турбе,,
872,Ранковце (5),Гиновци,Црква „Св. Никола“,,
873,Ранковце (5),Милутинце,Археолошко наоѓалиште „Градиште“,,
874,Ранковце (5),Опила,Археолошко наоѓалиште „Градиште“,,
875,Ранковце (5),Петралица,Црква „Св. Ѓорѓи“,,
876,Ранковце (5),Псача,Црква „Св. Никола“,,
877,Ресен (13),Асамати,Археолошко наоѓалиште „Ружин Гроб“,,
878,Ресен (13),Болно,Куќа на Мите Богоевски,,
879,Ресен (13),Брајчино,Црква „Св. Петка“,,
880,Ресен (13),Голем Град,Црква „Св. Петар“,,
881,Ресен (13),Грнчари,Црква „Св. Илија“,,
882,Ресен (13),Јанковец,Куќа во Јанковец,,
883,Ресен (13),Коњско,Село Коњско,,
884,Ресен (13),Курбиново,Црква „Св. Ѓорѓи“,,
883,Ресен (13),Љубојно,Село Љубојно,,
885,Ресен (13),Ресен,Ресенски сарај,,
885,Ресен (13),Ресен,Куќа на ул. „Кочо Рацин“ бр. 22,,
886,Ресен (13),Ресен,Спомен-куќа на Татарчеви,,
887,Ресен (13),Сливница,Сливнички манастир,,
888,Росоман (1),Манастирец,Средновековна кула,,
889,Свети Николе (5),Амзабегово,Археолошко наоѓалиште „Барутница“,,
890,Свети Николе (5),Буриловци,Црква „Св. Никола“,,
891,Свети Николе (5),Горобинци,Археолошко наоѓалиште „Руг Баир“,,
891,Свети Николе (5),Кнежје,Археолошко наоѓалиште „Градиште“,,
892,Свети Николе (5),Свети Николе,Стара општинска зграда,,
893,Старо Нагоричане (12),Жегљане,Црква „Св. Ѓорѓи“,,
894,Старо Нагоричане (12),Кокино,Кокино,,
895,Старо Нагоричане (12),Младо Нагоричане,Зебрњак,,
896,Старо Нагоричане (12),Младо Нагоричане,Костоперска Карпа,,
897,Старо Нагоричане (12),Младо Нагоричане,Црква „Св. Ѓорѓи Победоносец“,,
898,Старо Нагоричане (12),Младо Нагоричане,Црква „Св. Петка“,,
899,Старо Нагоричане (12),Орах,Црква „Воведение на Пресвета Богородица“,,
899,Старо Нагоричане (12),Орах,Црква „Св. Никола и Св. Ѓорѓи“,,
900,Старо Нагоричане (12),Старо Нагоричане,Црква „Св. Ѓорѓи“,,
901,Старо Нагоричане (12),Старо Нагоричане,Забелски манастир,,
902,Старо Нагоричане (12),Стрезовце,Црква „Св. Никола“,,
903,Старо Нагоричане (12),Челопек,Црква „Св. Троица“,,
904,Струга (30),Враништа,Црква „Воведение на Пресвета Богородица“,,
180,Струга (30),Горна Белица,Археолошко наоѓалиште „Горна Белица“,,
905,Струга (30),Горна Белица,Црква „Св. Петка“,,
940,Струга (30),Делогожди,Базилика „Св. Илија“,,
906,Струга (30),Калишта,Црква „Св. Атанасиј“,,
907,Струга (30),Калишта,Црква „Св. Богородица“ со Калишки манастир,,
941,Струга (30),Корошишта,Латинска Црква,,
908,Струга (30),Октиси,Археолошко наоѓалиште „Вајтос“,,
909,Струга (30),Октиси,Црква „Св. Никола“ и комплексот на ранохристијанската базилика,,
910,Струга (30),Радожда,Црква „Св. Архангел Михаил“,,
911,Струга (30),Радолишта,Цигански Гроб,,
912,Струга (30),Струга,Амам „Мустафа Челеби“,,
912,Струга (30),Струга,Теќе „Халвети“,,
915,Струга (30),Струга,Куќа на ул. „Гоце Делчев“ бр. 33,,
916,Струга (30),Струга,Куќа на ул. „Гоце Делчев“ бр. 60,,
920,Струга (30),Струга,Куќа на ул. „Гоце Делчев“ бр. 82,,
921,Струга (30),Струга,Куќа на ул. „Гоце Делчев“ бр. 84,,
924,Струга (30),Струга,Куќа на Каневчеви,,
925,Струга (30),Струга,Спомен-галерија „Вангел Коџоман“,,
926,Струга (30),Струга,Куќа на ул. „Браќа Миладиновци“ бр. 30,,
927,Струга (30),Струга,Куќа на ул. „Браќа Миладиновци“ бр. 32,,
931,Струга (30),Струга,Куќа на Карамитре,,
935,Струга (30),Струга,Куќа на ул. „Димче Кошарко“ бр. 42,,
936,Струга (30),Струга,Црква „Св. Ѓорѓи“,,
939,Струга (30),Струга,Џамија „Мустафа Челеби“,,
927,Струга (30),Струга,Куќа на ул. „Цар Самоил“ бр. 44 и 46,,
927,Струга (30),Струга,Спомен-дом на Браќа Миладиновци,,
927,Струга (30),Струга,Управна зграда на Националниот музеј „Д-р Никола Незлобински“,,
937,Струга (30),Струга,Зграда на Народна одбрана,,
938,Струга (30),Струга,Образовен комплекс на ул. „Партизанска“ бр. 4 (Стара зграда на ОУ „Браќа Миладиновци“ и Зграда на Министерството за образование),,
942,Струмица (68),Банско,Археолошко наоѓалиште „Св. 40 Севастиски Маченици“,,
943,Струмица (68),Вељуса,Вељушки манастир,,
944,Струмица (68),Вељуса,Куќа на Пееви,,
945,Струмица (68),Вељуса,Куќа бр. 228,,
946,Струмица (68),Вељуса,Куќа бр. 261,,
947,Струмица (68),Водоча,Водочки манастир,,
948,Струмица (68),Струмица,Црква „Св. Петнаесет тивериополски маченици“,,
949,Струмица (68),Струмица,Дуќан на ул. „Маршал Тито“ бр. 1,,
950,Струмица (68),Струмица,Дуќан на ул. „Маршал Тито“ бр. 3,,
951,Струмица (68),Струмица,Дуќан на ул. „Маршал Тито“ бр. 5,,
952,Струмица (68),Струмица,Дуќан на ул. „Маршал Тито“ бр. 6,,
953,Струмица (68),Струмица,Дуќан на ул. „Маршал Тито“ бр. 7,,
954,Струмица (68),Струмица,Дуќан на ул. „Маршал Тито“ бр. 9,,
955,Струмица (68),Струмица,Дуќан на ул. „Маршал Тито“ бр. 10,,
956,Струмица (68),Струмица,Дуќан на ул. „Маршал Тито“ бр. 11,,
957,Струмица (68),Струмица,Дуќан на ул. „Маршал Тито“ бр. 12,,
958,Струмица (68),Струмица,Дуќан на ул. „Маршал Тито“ бр. 13,,
959,Струмица (68),Струмица,Дуќан на ул. „Маршал Тито“ бр. 14,,
960,Струмица (68),Струмица,Дуќан на ул. „Маршал Тито“ бр. 15,,
961,Струмица (68),Струмица,Дуќан на ул. „Маршал Тито“ бр. 16,,
962,Струмица (68),Струмица,Дуќан на ул. „Маршал Тито“ бр. 17,,
963,Струмица (68),Струмица,Дуќан на ул. „Маршал Тито“ бр. 18,,
964,Струмица (68),Струмица,Дуќан на ул. „Маршал Тито“ бр. 20,,
965,Струмица (68),Струмица,Дуќан на ул. „Маршал Тито“ бр. 21,,
966,Струмица (68),Струмица,Дуќан на ул. „Маршал Тито“ бр. 22,,
967,Струмица (68),Струмица,Дуќан на ул. „Маршал Тито“ бр. 23,,
968,Струмица (68),Струмица,Дуќан на ул. „Маршал Тито“ бр. 23а,,
969,Струмица (68),Струмица,Дуќан на ул. „Маршал Тито“ бр. 24,,
970,Струмица (68),Струмица,Дуќан на ул. „Маршал Тито“ бр. 25б,,
971,Струмица (68),Струмица,Дуќан на ул. „Маршал Тито“ бр. 25в,,
972,Струмица (68),Струмица,Дуќан на ул. „Маршал Тито“ бр. 26,,
973,Струмица (68),Струмица,Дуќан на ул. „Маршал Тито“ бр. 27,,
974,Струмица (68),Струмица,Дуќан на ул. „Маршал Тито“ бр. 28,,
975,Струмица (68),Струмица,Дуќан на ул. „Маршал Тито“ бр. 28б,,
976,Струмица (68),Струмица,Дуќан на ул. „Маршал Тито“ бр. 30,,
977,Струмица (68),Струмица,Дуќан на ул. „Маршал Тито“ бр. 31,,
978,Струмица (68),Струмица,Дуќан на ул. „Маршал Тито“ бр. 32,,
979,Струмица (68),Струмица,Дуќан на ул. „Маршал Тито“ бр. 34,,
980,Струмица (68),Струмица,Дуќан на ул. „Маршал Тито“ бр. 36,,
981,Струмица (68),Струмица,Дуќан на ул. „Маршал Тито“ бр. 38,,
982,Струмица (68),Струмица,Дуќан на ул. „Маршал Тито“ бр. 40,,
983,Струмица (68),Струмица,Струмичко кале,,
984,Струмица (68),Струмица,Археолошко наоѓалиште „Марково Кале“,,
985,Струмица (68),Струмица,Археолошко наоѓалиште „Кула“,,
986,Струмица (68),Струмица,Стара турска пошта,,
987,Струмица (68),Струмица,Куќа на ул. „Тошо Арсов“ бр. 23,Дупликат; претставува Старата  турска пошта,
988,Струмица (68),Струмица,Куќа на ул. „Тодор Чучков“ бр. 8,,
989,Струмица (68),Струмица,Куќа на ул. „Тодор Чучков“ бр. 10,,
990,Струмица (68),Струмица,Куќа на ул. „Тодор Чучков“ бр. 14,,
981,Струмица (68),Струмица,Куќа на ул. „Тодор Чучков“ бр. 16,,
992,Струмица (68),Струмица,Куќа на ул. „Кирил и Методиј“ бр. 41,,
993,Струмица (68),Струмица,Куќа на ул. „Кирил и Методиј“ бр. 59 - 61,,
994,Струмица (68),Струмица,Куќа на ул. „Кирил и Методиј“ бр. 65,,
995,Струмица (68),Струмица,Куќа на ул. „Кирил и Методиј“ бр. 73,,
996,Струмица (68),Струмица,Куќа на ул. „Први мај“ бр. 1,,
997,Струмица (68),Струмица,Куќа на ул. „Ванчо Прке“ бр. 2,,
998,Струмица (68),Струмица,Куќа на ул. „Страшо Пинџур“ бр. 1,,
999,Струмица (68),Струмица,Зејни-бегов конак,,
1000,Струмица (68),Струмица,Зграда на Општина Струмица,,
1001,Струмица (68),Струмица,Хотел „Српски крал“,,
1002,Струмица (68),Струмица,Црква „Св. Кирил и Методиј“,,
1003,Струмица (68),Струмица,Орта џамија,,
1004,Струмица (68),Струмица,Археолошко наоѓалиште „Мачук“,,
1005,Струмица (68),Струмица,Струмичка чаршија,,
1006,Струмица (68),Струмица,Стар театар „Антон Панов“,,
1007,Струмица (68),Струмица,Библиотека „Благој Јанков - Мучето“,,
1008,Струмица (68),Струмица,Завод за заштита на спомениците на културата и Музеј во Струмица,,
1009,Струмица (68),Струмица,Спомен-дом на култура „Благој Јанков Мучето“,,
1010,Студеничани (3),Горно Количани,Старо училиште,,
1011,Студеничани (3),Маркова Сушица,Црква „Св. Никола Николимуки“[б 1],,
1012,Студеничани (3),Маркова Сушица,Марков манастир,,
1013,Теарце (10),Лешок,Археолошко наоѓалиште „Два Бреста“,,
1014,Теарце (10),Лешок,Археолошко наоѓалиште „Лешочко Кале“,,
1014,Теарце (10),Лешок,Археолошко наоѓалиште „Црници“,,
1015,Теарце (10),Лешок,Гроб на Кирил Пејчиновиќ,,
1016,Теарце (10),Лешок,Црква „Св. Атанасиј“,,
1017,Теарце (10),Лешок,Црква „Успение на Пресвета Богородица“,,
1018,Теарце (10),Непроштено,Црква „Св. Архангел Михаил“,,
1019,Теарце (10),Отушиште,Стара џамија,,
1020,Теарце (10),Слатино,Археолошко наоѓалиште „Долги Грм“,,
1020,Теарце (10),Теарце,Стара џамија,,
1021,Тетово (15),Тетово,Чифте амам,,
1022,Тетово (15),Тетово,Тетовско кале,,
1023,Тетово (15),Тетово,Куќа на ул. „Кузман Јосифовски-Питу“ бр. 130,,
1024,Тетово (15),Тетово,Куќа на ул. „Гоце Делчев“ бр. 93,,
1025,Тетово (15),Тетово,Куќа на ул. „Браќа Миладинови“ бр. 93,,
1026,Тетово (15),Тетово,Куќа на ул. „Браќа Миладинови“ бр. 111,,
1027,Тетово (15),Тетово,Куќа на ул. „Браќа Миладинови“ бр. 164,,
1028,Тетово (15),Тетово,Куќа на ул. „Браќа Миладинови“ бр. 166,,
1029,Тетово (15),Тетово,Куќа на Јовановци,,
1030,Тетово (15),Тетово,Спомен-куќа на Ѓоце Стојчевски,,
1031,Тетово (15),Тетово,Камен мост,,
1032,Тетово (15),Тетово,Арабати баба-теќе,,
1033,Тетово (15),Тетово,Шарена џамија,,
1034,Тетово (15),Тетово,Алимбегова куќа,,
1035,Тетово (15),Џепчиште,Археолошко наоѓалиште „Латинска Црква“,,
1036,Центар Жупа (2),Горенци,Горенички мост,,
1037,Центар Жупа (2),Коџаџик,Меморијален центар „Коџаџик“,,
1038,Чашка (11),Војница,Црква „Св. Атанасиј“,,
1039,Чашка (11),Горно Врановци,Спомен-куќа на Президиумот на АСНОМ,,
1040,Чашка (11),Горно Врановци,Спомен-печатница на Главниот Штаб,,
1041,Чашка (11),Горно Врановци,Спомен-куќа на Централниот Комитет,,
1042,Чашка (11),Горно Врановци,Џамија,,
1043,Чашка (11),Горно Врановци,селото како целина,,
1044,Чашка (11),Богомила,Камен мост,,
1044,Чашка (11),Богомила,Спомен-куќа на Петар Поп Арсов,,
1045,Чашка (11),Богомила,Црква „Св. Атанасиј“,,
1045,Чашка (11),Мокрени,Црква „Св. Никола“,,
1046,Чашка (11),Папрадиште,Црква „Св. Петар и Павле“,,
1047,Чучер-Сандево (14),Бразда,Бразданска гробница,,
1048,Чучер-Сандево (14),Бањане,Црква „Св. Благовештение“,,
1049,Чучер-Сандево (14),Бањане,Црква „Св. Ѓорѓи“,,
1050,Чучер-Сандево (14),Бањане,Црква „Св. Илија“,,
1050,Чучер-Сандево (14),Блаце,Црква „Св. Ѓорѓи“,,
1050,Чучер-Сандево (14),Бразда,Монументална раноантичка гробница,,
1050,Чучер-Сандево (14),Бродец,Црква „Св. Илија“,,
1051,Чучер-Сандево (14),Горњане,Црква „Св. Никита“,,
1052,Чучер-Сандево (14),Кучевиште,Црква „Воведение на Пресвета Богородица“,,
1053,Чучер-Сандево (14),Кучевиште,Кучевишки манастир,,
1054,Чучер-Сандево (14),Побожје,Побошки манастир,,
1055,Чучер-Сандево (14),Побожје,Црква „Св. Петка“,,
1056,Чучер-Сандево (14),Чучер-Сандево,Куќа на Александар Урдаревски-Станко,,
1057,Чучер-Сандево (14),Чучер-Сандево,Споменик на Александар Урдаревски-Станко,,
1058,Штип (55),Ново Село,Ново Село (градителска целина),,
1059,Штип (55),Ново Село,Новоселско училиште,,
1060,Штип (55),Ново Село,Црква „Успение на Пресвета Богородица“,,
1061,Штип (55),Ново Село,Црква „Св. Троица“,,
1062,Штип (55),Ново Село,Куќа на ул. „Никола Карев“ бр. 2,,
1063,Штип (55),Ново Село,Куќа на ул. „Крсте Мисирков“ бр. 6,,
1064,Штип (55),Ново Село,Куќа на ул. „Крсте Мисирков“ бр. 8,,
1065,Штип (55),Ново Село,Куќа на ул. „Крсте Мисирков“ бр. 12,,
1066,Штип (55),Ново Село,Куќа на ул. „Крсте Мисирков“ бр. 14,,
1067,Штип (55),Ново Село,Куќа на ул. „Крсте Мисирков“ бр. 26,,
1068,Штип (55),Ново Село,Куќа на ул. „Крсте Мисирков“ бр. 34,,
1069,Штип (55),Ново Село,Куќа на ул. „Крсте Мисирков“ бр. 45,,
1070,Штип (55),Ново Село,Куќа на ул. „Крсте Мисирков“ бр. 67,,
1071,Штип (55),Ново Село,Куќа на ул. „Крсте Мисирков“ бр. 69,,
1072,Штип (55),Стар Караорман,Археолошко наоѓалиште „Балабаница“,,
1073,Штип (55),Стар Караорман,Археолошко наоѓалиште „Крушки“,,
1074,Штип (55),Стар Караорман,Археолошко наоѓалиште „Орлови Чуки“,,
1075,Штип (55),Штип,Штипска тврдина,,
1076,Штип (55),Штип,Штипски безистен,,
1077,Штип (55),Штип,Куќа на Михајло Апостолски,,
1078,Штип (55),Штип,Куќа на Славчо Стојменски,,
1079,Штип (55),Штип,Куќа на Ванчо Прќе,,
1080,Штип (55),Штип,Куќа на ул. „Страшо Пинџур“ бр. 15,,
1081,Штип (55),Штип,Куќа на ул. „Љубен Иванов“ бр. 11,,
1082,Штип (55),Штип,Куќа на ул. „Маршал Тито“ бр. 2,,
1083,Штип (55),Штип,Куќа на ул. Маршал Тито бр. 18,,
1084,Штип (55),Штип,Куќа на ул. Маршал Тито бр. 20,,
1085,Штип (55),Штип,Зграда на Хотел Гарни,,
1086,Штип (55),Штип,Куќа на ул. „Тошо Арсов“ бр. 2,,
1087,Штип (55),Штип,Куќа на ул. „Тошо Арсов“ бр. 4,,
1088,Штип (55),Штип,Куќа на ул. „Тошо Арсов“ бр. 8,,
1089,Штип (55),Штип,Куќа на ул. „Тошо Арсов“ бр. 62,,
1090,Штип (55),Штип,Куќа на ул. „Тошо Арсов“ бр. 68,,
1091,Штип (55),Штип,Магаза на ул. „Иво Рибар Лола“ бр. 54,,
1092,Штип (55),Штип,Објект на ул. Гоце Делчев бр. 3,,
1093,Штип (55),Штип,Објект на ул. Гоце Делчев бр. 7,,
1094,Штип (55),Штип,Објект на ул. Гоце Делчев бр. 31,,
1095,Штип (55),Штип,Објект на ул. Гоце Делчев бр. 33,,
1096,Штип (55),Штип,Објект на ул. Гоце Делчев бр. 41,,
1097,Штип (55),Штип,Објект на ул. Гоце Делчев бр. 45,,
1098,Штип (55),Штип,Објект на ул. Гоце Делчев бр. 55,,
1099,Штип (55),Штип,Објект на ул. Гоце Делчев бр. 57,,
1100,Штип (55),Штип,Емир Ќучук Султанов мост,,
1101,Штип (55),Штип,Саат-кула,,
1102,Штип (55),Штип,Црква „Св. Архангел Михаил Главатов“,,
1103,Штип (55),Штип,Црква „Св. Спас“,,
1104,Штип (55),Штип,Црква „Св. Јован Крстител“,,
1105,Штип (55),Штип,Црква „Св. Архангел Михаил - Фитијата“,,
1106,Штип (55),Штип,Црква „Св. Никола“,,
1107,Штип (55),Штип,Џамија Хусамедин Паша,,
1108,Штип (55),Штип,Административна зграда - банка,,
1109,Штип (55),Штип,Митрополија на Брегалничката епархија,,
1110,Штип (55),Штип,Училишна зграда,,
1111,Штип (55),Штип,Еврејски гробишта,,
1112,Штип (55),Штип,Универзитетска библиотека „Гоце Делчев“,,
Културно наследство во Град Скопје,Културно наследство во Град Скопје,Културно наследство во Град Скопје,Културно наследство во Град Скопје,Културно наследство во Град Скопје,
1113,Бутел (7),Бутел,Партизански гробишта,,
1114,Бутел (7),Визбегово,Скопски аквадукт,,
1115,Бутел (7),Љубанци,Љубански манастир,,
1116,Бутел (7),Љубанци,Црква „Св. Никола“,,
1117,Бутел (7),Љуботен,Црква „Св. Никола“,,
1118,Бутел (7),Радишани,Црква „Св. Никола“,,
1119,Бутел (7),Радишани,Црква „Св. Ѓорѓи“,,
1120,Гази Баба (7),Булачани,Црква „Успение на Пресвета Богородица“,,
1121,Гази Баба (7),Булачани,Археолошко наоѓалиште „Турски Гробишта“,,
1122,Гази Баба (7),Гази Баба,Турбе на кралската ќерка,,
1123,Гази Баба (7),Гази Баба,Чешма на улица „Челопек“,,
1124,Гази Баба (7),Гази Баба,Турбе на Ашик Челеби,,
1124,Гази Баба (7),Маџари,Тумба,,
1125,Гази Баба (7),Раштак,Црква „Вознесение Христово“,,
1126,Ѓорче Петров (2),Кучково,Црква „Св. Ѓорѓи“,,
1127,Ѓорче Петров (2),Орман,Археолошко наоѓалиште „Брест“,,
1128,Карпош (6),Бардовци,Хавзипашини конаци,,
1129,Карпош (6),Горно Нерези,Црква „Св. Пантелејмон“,,
1130,Карпош (6),Злокуќани,Археолошко наоѓалиште „Скупи“,,
1132,Карпош (6),Козле,Куќа на ул. „Кнез Хацон“ бр. 2,,
1131,Карпош (6),Козле,Спомен-гробница на Кузман Јосифовски-Питу,,
1133,Карпош (6),Тафталиџе 2,Зграда на ДАРМ - Одделение Скопје,,
1134,Кисела Вода (4),Драчево,Археолошко наоѓалиште „Пеленица“,,
1135,Кисела Вода (4),Кисела Вода,Куќа на ул. „Ѓорѓи Димитров“ бр. 37,,
1135,Кисела Вода (4),Кисела Вода,Куќа на ул. „Првомајска“ бр. 41,,
1135,Кисела Вода (4),југозападно од Кисела Вода,Маркови Кули,,
1136,Сарај (6),Глумово,Спомен-гробница на паднатите борци,,
1137,Сарај (6),Матка,Црква „Св. Андреја“,,
1138,Сарај (6),Матка,Црква „Успение на Пресвета Богородица“,,
1139,Сарај (6),Сарај,Хусеин-шахова џамија,,
1140,Сарај (6),Шишево,Црква „Св. Атанасиј“,,
1141,Сарај (6),Шишево,Шишевски манастир,,
1142,Центар (50),Скопје,Даут-пашин амам,,
1151,Центар (50),Скопје,Градска болница,,
1151,Центар (50),Скопје,Стара железничка станица,,
1143,Центар (50),Дебар Маало,Зграда на бул. „Илинден“ бр. 41,,
1143,Центар (50),Дебар Маало,Куќа на бул. „Илинден“ бр. 53,,
1143,Центар (50),Дебар Маало,Зграда на бул. „Илинден“ бр. 63,,
1143,Центар (50),Дебар Маало,Зграда на бул. „Илинден“ бр. 68,,
1143,Центар (50),Дебар Маало,Зграда на бул. „Илинден“ бр. 80,,
1145,Центар (50),Скопје,Куќа на ул. „Славеј Планина“ бр. 2,,
1146,Центар (50),Маџир Маало,Куќа на ул. „Охридска“ бр. 4,,
1147,Центар (50),Центар,Куќа на ул. „8 Ударна Бригада“ бр. 22,,
1148,Центар (50),Скопје,Куќа на ул. „150“ бр. 15,,
1150,Центар (50),Центар,Ристиќева палата,,
1152,Центар (50),Скопје,Куќа на ул. „Пајкова“ бр. 2,,
1153,Центар (50),Скопје,Споменик на паднатите борци,,
1154,Центар (50),Дебар Маало,Споменик на Гоце Делчев,,
1155,Центар (50),Центар,Феудална кула,,
1156,Центар (50),Центар,Камен мост,,
1157,Центар (50),Скопје,Скопско Кале,,
1158,Центар (50),Скопје,Адем баба-теќе,,
1161,Центар (50),Скопје,Црква „Св. Спас“,,
1162,Центар (50),Скопје,Црква „Св. Димитар“,,
1163,Центар (50),Скопје,Џамија Кебир Мехмед Челеби,,
1164,Центар (50),Скопје,Кури чешма,,
1165,Центар (50),Скопје,Чешма на улица „110“,,
1166,Центар (50),Скопје,Чешма кај Стара нова бања,,
1159,Центар (50),Дебар Маало,Зграда на ул. „Орце Николов“ бр. 83а,,
1159,Центар (50),Дебар Маало,Зграда на ул. „Орце Николов“ бр. 88,,
1159,Центар (50),Дебар Маало,Зграда на ул. „Орце Николов“ бр. 108,,
1159,Центар (50),Дебар Маало,Зграда на ул. „Орце Николов“ бр. 109,,
1159,Центар (50),Дебар Маало,Зграда на ул. „Орце Николов“ бр. 115,,
1143,Центар (50),Дебар Маало,Зграда на ул. „Ѓуро Ѓаковиќ“ бр. 61,,
1143,Центар (50),Дебар Маало,Зграда на ул. „Кукушка“ бр. 17,,
1143,Центар (50),Дебар Маало,Зграда на ул. „Аминта Трети“ бр. 17,,
1143,Центар (50),Дебар Маало,Зграда на ул. „Наум Наумовски - Борче“ бр. 82,,
1143,Центар (50),Дебар Маало,Зграда на ул. „Наум Наумовски - Борче“ бр. 88,,
1159,Центар (50),Дебар Маало,Зграда на ул. „Раде Кончар“ („Живко Чинго“/„Боемска“) бр. 4,,
1159,Центар (50),Дебар Маало,Зграда на Ташковиќ,,
1159,Центар (50),Дебар Маало,Зграда на Кубеш,,
1159,Центар (50),Скопје,Зграда на кеј „Димитар Влахов“ бр. 19,,
1159,Центар (50),Центар,Главна зграда на Македонска пошта,,
1167,Центар (50),Скопје,Зграда на Музејот на македонската борба,,
1168,Центар (50),Скопје,Зграда на Националната и универзитетска библиотека „Св. Климент Охридски“,,
1169,Центар (50),Скопје,Стара зграда на Државниот архив на Република Македонија,,
1170,Центар (50),Скопје,Зграда на Институтот за македонски јазик „Крсте Мисирков“,,
1172,Центар (50),Скопје,Спомен-куќа на Мајка Тереза,,
1173,Центар (50),Дебар Маало,Зграда на Градската библиотека „Браќа Миладиновци“,,
1171,Центар (50),Скопје,Зграда на „Вардар филм“,,
1174,Центар (50),Скопје,Зграда на Музејот на современата уметност,,
1174,Центар (50),Скопје,Спомен-куќа на Лазар Личеноски,,
1175,Центар и Чаир (1),Скопје,Скопска чаршија,,
1176,Чаир (32),Скопје,Стара нова бања,,
1177,Чаир (32),Скопје,Остатоци од амам кај Јахја-пашината џамија,,
1178,Чаир (32),Скопје,Ѓулчилер амам,,
1179,Чаир (32),Скопје,Чифте амам,,
1180,Чаир (32),Скопје,Куршумли ан,,
1181,Чаир (32),Скопје,Куќа на ул. „Севастополска“ бр. 5,,
1182,Чаир (32),Скопје,Сули ан,,
1183,Чаир (32),Скопје,Капан ан,,
1183,Чаир (32),Скопје,Безистен,,
1149,Чаир (32),Скопје,Куќа на ул. „178-Битпазарска“ бр. 20,,
1184,Чаир (32),Скопје,Стара турска пошта,,
1185,Чаир (32),Скопје,Комплекс на Турбе на Јигит-паша и Турбе на Шејх Медах баба,,
1186,Чаир (32),Скопје,Вилаетски конак „Уќумат“,,
1187,Чаир (32),Скопје,Саат-кула,,
1188,Чаир (32),Скопје,Руфаиско теќе,,
1189,Чаир (32),Скопје,Џамија Худаверди,,
1190,Чаир (32),Скопје,Џамија Хаџи Балабан,,
1192,Чаир (32),Скопје,Џамија Дуќанџик,,
1193,Чаир (32),Скопје,Иса-бегова џамија,,
1194,Чаир (32),Скопје,Мурат-пашина џамија,,
1195,Чаир (32),Скопје,Алаџа џамија,,
1196,Чаир (32),Скопје,Јахја-пашина џамија,,
1197,Чаир (32),Скопје,Султан-муратова џамија,,
1198,Чаир (32),Скопје,Мустафа-пашина џамија,,
1199,Чаир (32),Скопје,Турбе на Исхак-бег,,
1200,Чаир (32),Скопје,Турбе на Шејх Медах-баба,,
1202,Чаир (32),Скопје,Зграда на Музејот на Македонија,,
1203,Чаир (32),Скопје,Соук чешма,,
1204,Чаир (32),Скопје,Топанска чешма,,
1205,Чаир (32),Гази Баба,Куќа на ул. „Јајце“ бр. 146,,
1191,Чаир (32),Скопје,Хатунџук џамија,,
1206,Чаир (32),Скопје,Куќа на Јашар-бег,,
